Type of crack,Crack length,a,b,t/b,Type of BCs,kx,ky,Omega
0,0.1,1,1,0.001,0,0,0,5.8673
0,0.1,1,1,0.001,0,0,0.5,3.2443
0,0.1,1,1,0.001,0,0,1,2.7955
0,0.1,1,1,0.001,0,0,5,2.4699
0,0.1,1,1,0.001,0,0,50,2.4656
0,0.1,1,1,0.001,0,0.5,0,4.1005
0,0.1,1,1,0.001,0,0.5,0.5,2.9657
0,0.1,1,1,0.001,0,0.5,1,2.6847
0,0.1,1,1,0.001,0,0.5,5,2.4684
0,0.1,1,1,0.001,0,0.5,50,2.4656
0,0.1,1,1,0.001,0,1,0,3.4805
0,0.1,1,1,0.001,0,1,0.5,2.8203
0,0.1,1,1,0.001,0,1,1,2.6261
0,0.1,1,1,0.001,0,1,5,2.4678
0,0.1,1,1,0.001,0,1,50,2.4656
0,0.1,1,1,0.001,0,5,0,2.6463
0,0.1,1,1,0.001,0,5,0.5,2.5508
0,0.1,1,1,0.001,0,5,1,2.5104
0,0.1,1,1,0.001,0,5,5,2.4665
0,0.1,1,1,0.001,0,5,50,2.4656
0,0.1,1,1,0.001,0,50,0,2.479
0,0.1,1,1,0.001,0,50,0.5,2.4733
0,0.1,1,1,0.001,0,50,1,2.4702
0,0.1,1,1,0.001,0,50,5,2.4657
0,0.1,1,1,0.001,0,50,50,2.4656
0,0.3,1,1,0.001,0,0,0,5.8229
0,0.3,1,1,0.001,0,0,0.5,3.2102
0,0.3,1,1,0.001,0,0,1,2.7668
0,0.3,1,1,0.001,0,0,5,2.4465
0,0.3,1,1,0.001,0,0,50,2.4423
0,0.3,1,1,0.001,0,0.5,0,4.0543
0,0.3,1,1,0.001,0,0.5,0.5,2.9331
0,0.3,1,1,0.001,0,0.5,1,2.6571
0,0.3,1,1,0.001,0,0.5,5,2.445
0,0.3,1,1,0.001,0,0.5,50,2.4423
0,0.3,1,1,0.001,0,1,0,3.439
0,0.3,1,1,0.001,0,1,0.5,2.7897
0,0.3,1,1,0.001,0,1,1,2.5995
0,0.3,1,1,0.001,0,1,5,2.4444
0,0.3,1,1,0.001,0,1,50,2.4423
0,0.3,1,1,0.001,0,5,0,2.6191
0,0.3,1,1,0.001,0,5,0.5,2.5257
0,0.3,1,1,0.001,0,5,1,2.4862
0,0.3,1,1,0.001,0,5,5,2.4431
0,0.3,1,1,0.001,0,5,50,2.4423
0,0.3,1,1,0.001,0,50,0,2.4554
0,0.3,1,1,0.001,0,50,0.5,2.4499
0,0.3,1,1,0.001,0,50,1,2.4468
0,0.3,1,1,0.001,0,50,5,2.4424
0,0.3,1,1,0.001,0,50,50,2.4423
0,0.5,1,1,0.001,0,0,0,5.6012
0,0.5,1,1,0.001,0,0,0.5,3.0488
0,0.5,1,1,0.001,0,0,1,2.6288
0,0.5,1,1,0.001,0,0,5,2.3307
0,0.5,1,1,0.001,0,0,50,2.3268
0,0.5,1,1,0.001,0,0.5,0,3.8612
0,0.5,1,1,0.001,0,0.5,0.5,2.7817
0,0.5,1,1,0.001,0,0.5,1,2.5242
0,0.5,1,1,0.001,0,0.5,5,2.3294
0,0.5,1,1,0.001,0,0.5,50,2.3268
0,0.5,1,1,0.001,0,1,0,3.2682
0,0.5,1,1,0.001,0,1,0.5,2.6474
0,0.5,1,1,0.001,0,1,1,2.4709
0,0.5,1,1,0.001,0,1,5,2.3288
0,0.5,1,1,0.001,0,1,50,2.3268
0,0.5,1,1,0.001,0,5,0,2.4919
0,0.5,1,1,0.001,0,5,0.5,2.4045
0,0.5,1,1,0.001,0,5,1,2.3677
0,0.5,1,1,0.001,0,5,5,2.3276
0,0.5,1,1,0.001,0,5,50,2.3268
0,0.5,1,1,0.001,0,50,0,2.3393
0,0.5,1,1,0.001,0,50,0.5,2.334
0,0.5,1,1,0.001,0,50,1,2.3311
0,0.5,1,1,0.001,0,50,5,2.3269
0,0.5,1,1,0.001,0,50,50,2.3268
0,0.7,1,1,0.001,0,0,0,5.2378
0,0.7,1,1,0.001,0,0,0.5,2.806
0,0.7,1,1,0.001,0,0,1,2.4179
0,0.7,1,1,0.001,0,0,5,2.1476
0,0.7,1,1,0.001,0,0,50,2.144
0,0.7,1,1,0.001,0,0.5,0,3.5955
0,0.7,1,1,0.001,0,0.5,0.5,2.5603
0,0.7,1,1,0.001,0,0.5,1,2.3222
0,0.7,1,1,0.001,0,0.5,5,2.1463
0,0.7,1,1,0.001,0,0.5,50,2.144
0,0.7,1,1,0.001,0,1,0,3.04
0,0.7,1,1,0.001,0,1,0.5,2.4387
0,0.7,1,1,0.001,0,1,1,2.2745
0,0.7,1,1,0.001,0,1,5,2.1458
0,0.7,1,1,0.001,0,1,50,2.144
0,0.7,1,1,0.001,0,5,0,2.3106
0,0.7,1,1,0.001,0,5,0.5,2.2196
0,0.7,1,1,0.001,0,5,1,2.1832
0,0.7,1,1,0.001,0,5,5,2.1448
0,0.7,1,1,0.001,0,5,50,2.144
0,0.7,1,1,0.001,0,50,0,2.1569
0,0.7,1,1,0.001,0,50,0.5,2.1513
0,0.7,1,1,0.001,0,50,1,2.1483
0,0.7,1,1,0.001,0,50,5,2.1441
0,0.7,1,1,0.001,0,50,50,2.144
0,0.9,1,1,0.001,0,0,0,4.9655
0,0.9,1,1,0.001,0,0,0.5,2.6388
0,0.9,1,1,0.001,0,0,1,2.2706
0,0.9,1,1,0.001,0,0,5,2.0149
0,0.9,1,1,0.001,0,0,50,2.0116
0,0.9,1,1,0.001,0,0.5,0,3.4172
0,0.9,1,1,0.001,0,0.5,0.5,2.4106
0,0.9,1,1,0.001,0,0.5,1,2.1814
0,0.9,1,1,0.001,0,0.5,5,2.0137
0,0.9,1,1,0.001,0,0.5,50,2.0116
0,0.9,1,1,0.001,0,1,0,2.8908
0,0.9,1,1,0.001,0,1,0.5,2.2977
0,0.9,1,1,0.001,0,1,1,2.1373
0,0.9,1,1,0.001,0,1,5,2.0132
0,0.9,1,1,0.001,0,1,50,2.0116
0,0.9,1,1,0.001,0,5,0,2.1958
0,0.9,1,1,0.001,0,5,0.5,2.0922
0,0.9,1,1,0.001,0,5,1,2.0522
0,0.9,1,1,0.001,0,5,5,2.0123
0,0.9,1,1,0.001,0,5,50,2.0116
0,0.9,1,1,0.001,0,50,0,2.0278
0,0.9,1,1,0.001,0,50,0.5,2.0201
0,0.9,1,1,0.001,0,50,1,2.0163
0,0.9,1,1,0.001,0,50,5,2.0117
0,0.9,1,1,0.001,0,50,50,2.0116
0,0.1,1,1,0.01,0,0,0,5.8648
0,0.1,1,1,0.01,0,0,0.5,3.2428
0,0.1,1,1,0.01,0,0,1,2.7942
0,0.1,1,1,0.01,0,0,5,2.4688
0,0.1,1,1,0.01,0,0,50,2.4645
0,0.1,1,1,0.01,0,0.5,0,4.0986
0,0.1,1,1,0.01,0,0.5,0.5,2.9643
0,0.1,1,1,0.01,0,0.5,1,2.6835
0,0.1,1,1,0.01,0,0.5,5,2.4673
0,0.1,1,1,0.01,0,0.5,50,2.4645
0,0.1,1,1,0.01,0,1,0,3.4788
0,0.1,1,1,0.01,0,1,0.5,2.819
0,0.1,1,1,0.01,0,1,1,2.6249
0,0.1,1,1,0.01,0,1,5,2.4666
0,0.1,1,1,0.01,0,1,50,2.4645
0,0.1,1,1,0.01,0,5,0,2.6451
0,0.1,1,1,0.01,0,5,0.5,2.5496
0,0.1,1,1,0.01,0,5,1,2.5093
0,0.1,1,1,0.01,0,5,5,2.4654
0,0.1,1,1,0.01,0,5,50,2.4645
0,0.1,1,1,0.01,0,50,0,2.4778
0,0.1,1,1,0.01,0,50,0.5,2.4722
0,0.1,1,1,0.01,0,50,1,2.4691
0,0.1,1,1,0.01,0,50,5,2.4646
0,0.1,1,1,0.01,0,50,50,2.4645
0,0.3,1,1,0.01,0,0,0,5.8161
0,0.3,1,1,0.01,0,0,0.5,3.2054
0,0.3,1,1,0.01,0,0,1,2.7628
0,0.3,1,1,0.01,0,0,5,2.4431
0,0.3,1,1,0.01,0,0,50,2.4388
0,0.3,1,1,0.01,0,0.5,0,4.0481
0,0.3,1,1,0.01,0,0.5,0.5,2.9285
0,0.3,1,1,0.01,0,0.5,1,2.6531
0,0.3,1,1,0.01,0,0.5,5,2.4416
0,0.3,1,1,0.01,0,0.5,50,2.4388
0,0.3,1,1,0.01,0,1,0,3.4335
0,0.3,1,1,0.01,0,1,0.5,2.7855
0,0.3,1,1,0.01,0,1,1,2.5957
0,0.3,1,1,0.01,0,1,5,2.4409
0,0.3,1,1,0.01,0,1,50,2.4388
0,0.3,1,1,0.01,0,5,0,2.6152
0,0.3,1,1,0.01,0,5,0.5,2.5221
0,0.3,1,1,0.01,0,5,1,2.4827
0,0.3,1,1,0.01,0,5,5,2.4397
0,0.3,1,1,0.01,0,5,50,2.4388
0,0.3,1,1,0.01,0,50,0,2.4519
0,0.3,1,1,0.01,0,50,0.5,2.4464
0,0.3,1,1,0.01,0,50,1,2.4433
0,0.3,1,1,0.01,0,50,5,2.4389
0,0.3,1,1,0.01,0,50,50,2.4388
0,0.5,1,1,0.01,0,0,0,5.5855
0,0.5,1,1,0.01,0,0,0.5,3.038
0,0.5,1,1,0.01,0,0,1,2.6194
0,0.5,1,1,0.01,0,0,5,2.3227
0,0.5,1,1,0.01,0,0,50,2.3187
0,0.5,1,1,0.01,0,0.5,0,3.8485
0,0.5,1,1,0.01,0,0.5,0.5,2.7716
0,0.5,1,1,0.01,0,0.5,1,2.5151
0,0.5,1,1,0.01,0,0.5,5,2.3213
0,0.5,1,1,0.01,0,0.5,50,2.3187
0,0.5,1,1,0.01,0,1,0,3.257
0,0.5,1,1,0.01,0,1,0.5,2.6378
0,0.5,1,1,0.01,0,1,1,2.4621
0,0.5,1,1,0.01,0,1,5,2.3207
0,0.5,1,1,0.01,0,1,50,2.3187
0,0.5,1,1,0.01,0,5,0,2.4832
0,0.5,1,1,0.01,0,5,0.5,2.3961
0,0.5,1,1,0.01,0,5,1,2.3595
0,0.5,1,1,0.01,0,5,5,2.3195
0,0.5,1,1,0.01,0,5,50,2.3187
0,0.5,1,1,0.01,0,50,0,2.3312
0,0.5,1,1,0.01,0,50,0.5,2.3259
0,0.5,1,1,0.01,0,50,1,2.323
0,0.5,1,1,0.01,0,50,5,2.3188
0,0.5,1,1,0.01,0,50,50,2.3187
0,0.7,1,1,0.01,0,0,0,5.219
0,0.7,1,1,0.01,0,0,0.5,2.7943
0,0.7,1,1,0.01,0,0,1,2.4076
0,0.7,1,1,0.01,0,0,5,2.1383
0,0.7,1,1,0.01,0,0,50,2.1347
0,0.7,1,1,0.01,0,0.5,0,3.5821
0,0.7,1,1,0.01,0,0.5,0.5,2.5495
0,0.7,1,1,0.01,0,0.5,1,2.3122
0,0.7,1,1,0.01,0,0.5,5,2.137
0,0.7,1,1,0.01,0,0.5,50,2.1347
0,0.7,1,1,0.01,0,1,0,3.0285
0,0.7,1,1,0.01,0,1,0.5,2.4284
0,0.7,1,1,0.01,0,1,1,2.2647
0,0.7,1,1,0.01,0,1,5,2.1365
0,0.7,1,1,0.01,0,1,50,2.1347
0,0.7,1,1,0.01,0,5,0,2.3015
0,0.7,1,1,0.01,0,5,0.5,2.2103
0,0.7,1,1,0.01,0,5,1,2.1739
0,0.7,1,1,0.01,0,5,5,2.1355
0,0.7,1,1,0.01,0,5,50,2.1347
0,0.7,1,1,0.01,0,50,0,2.1477
0,0.7,1,1,0.01,0,50,0.5,2.142
0,0.7,1,1,0.01,0,50,1,2.139
0,0.7,1,1,0.01,0,50,5,2.1349
0,0.7,1,1,0.01,0,50,50,2.1347
0,0.9,1,1,0.01,0,0,0,4.9529
0,0.9,1,1,0.01,0,0,0.5,2.6317
0,0.9,1,1,0.01,0,0,1,2.2642
0,0.9,1,1,0.01,0,0,5,2.009
0,0.9,1,1,0.01,0,0,50,2.0056
0,0.9,1,1,0.01,0,0.5,0,3.4085
0,0.9,1,1,0.01,0,0.5,0.5,2.404
0,0.9,1,1,0.01,0,0.5,1,2.1752
0,0.9,1,1,0.01,0,0.5,5,2.0078
0,0.9,1,1,0.01,0,0.5,50,2.0056
0,0.9,1,1,0.01,0,1,0,2.8833
0,0.9,1,1,0.01,0,1,0.5,2.2915
0,0.9,1,1,0.01,0,1,1,2.1312
0,0.9,1,1,0.01,0,1,5,2.0073
0,0.9,1,1,0.01,0,1,50,2.0056
0,0.9,1,1,0.01,0,5,0,2.1901
0,0.9,1,1,0.01,0,5,0.5,2.0864
0,0.9,1,1,0.01,0,5,1,2.0463
0,0.9,1,1,0.01,0,5,5,2.0064
0,0.9,1,1,0.01,0,5,50,2.0056
0,0.9,1,1,0.01,0,50,0,2.022
0,0.9,1,1,0.01,0,50,0.5,2.0142
0,0.9,1,1,0.01,0,50,1,2.0104
0,0.9,1,1,0.01,0,50,5,2.0057
0,0.9,1,1,0.01,0,50,50,2.0056
0,0.1,1,1,0.1,0,0,0,5.6773
0,0.1,1,1,0.1,0,0,0.5,3.1363
0,0.1,1,1,0.1,0,0,1,2.7004
0,0.1,1,1,0.1,0,0,5,2.3827
0,0.1,1,1,0.1,0,0,50,2.3785
0,0.1,1,1,0.1,0,0.5,0,3.9571
0,0.1,1,1,0.1,0,0.5,0.5,2.8647
0,0.1,1,1,0.1,0,0.5,1,2.5924
0,0.1,1,1,0.1,0,0.5,5,2.3813
0,0.1,1,1,0.1,0,0.5,50,2.3785
0,0.1,1,1,0.1,0,1,0,3.3573
0,0.1,1,1,0.1,0,1,0.5,2.7231
0,0.1,1,1,0.1,0,1,1,2.5351
0,0.1,1,1,0.1,0,1,5,2.3806
0,0.1,1,1,0.1,0,1,50,2.3785
0,0.1,1,1,0.1,0,5,0,2.5537
0,0.1,1,1,0.1,0,5,0.5,2.4609
0,0.1,1,1,0.1,0,5,1,2.4217
0,0.1,1,1,0.1,0,5,5,2.3793
0,0.1,1,1,0.1,0,5,50,2.3785
0,0.1,1,1,0.1,0,50,0,2.3903
0,0.1,1,1,0.1,0,50,0.5,2.3854
0,0.1,1,1,0.1,0,50,1,2.3826
0,0.1,1,1,0.1,0,50,5,2.3786
0,0.1,1,1,0.1,0,50,50,2.3785
0,0.3,1,1,0.1,0,0,0,5.6132
0,0.3,1,1,0.1,0,0,0.5,3.0885
0,0.3,1,1,0.1,0,0,1,2.6598
0,0.3,1,1,0.1,0,0,5,2.3495
0,0.3,1,1,0.1,0,0,50,2.3453
0,0.3,1,1,0.1,0,0.5,0,3.8907
0,0.3,1,1,0.1,0,0.5,0.5,2.8184
0,0.3,1,1,0.1,0,0.5,1,2.5531
0,0.3,1,1,0.1,0,0.5,5,2.348
0,0.3,1,1,0.1,0,0.5,50,2.3453
0,0.3,1,1,0.1,0,1,0,3.2981
0,0.3,1,1,0.1,0,1,0.5,2.6797
0,0.3,1,1,0.1,0,1,1,2.4972
0,0.3,1,1,0.1,0,1,5,2.3474
0,0.3,1,1,0.1,0,1,50,2.3453
0,0.3,1,1,0.1,0,5,0,2.5149
0,0.3,1,1,0.1,0,5,0.5,2.4252
0,0.3,1,1,0.1,0,5,1,2.3872
0,0.3,1,1,0.1,0,5,5,2.3461
0,0.3,1,1,0.1,0,5,50,2.3453
0,0.3,1,1,0.1,0,50,0,2.3569
0,0.3,1,1,0.1,0,50,0.5,2.3521
0,0.3,1,1,0.1,0,50,1,2.3494
0,0.3,1,1,0.1,0,50,5,2.3454
0,0.3,1,1,0.1,0,50,50,2.3453
0,0.5,1,1,0.1,0,0,0,5.3495
0,0.5,1,1,0.1,0,0,0.5,2.902
0,0.5,1,1,0.1,0,0,1,2.4995
0,0.5,1,1,0.1,0,0,5,2.2142
0,0.5,1,1,0.1,0,0,50,2.2103
0,0.5,1,1,0.1,0,0.5,0,3.667
0,0.5,1,1,0.1,0,0.5,0.5,2.6436
0,0.5,1,1,0.1,0,0.5,1,2.3985
0,0.5,1,1,0.1,0,0.5,5,2.2128
0,0.5,1,1,0.1,0,0.5,50,2.2103
0,0.5,1,1,0.1,0,1,0,3.101
0,0.5,1,1,0.1,0,1,0.5,2.5148
0,0.5,1,1,0.1,0,1,1,2.3473
0,0.5,1,1,0.1,0,1,5,2.2122
0,0.5,1,1,0.1,0,1,50,2.2103
0,0.5,1,1,0.1,0,5,0,2.3671
0,0.5,1,1,0.1,0,5,0.5,2.2839
0,0.5,1,1,0.1,0,5,1,2.2489
0,0.5,1,1,0.1,0,5,5,2.2111
0,0.5,1,1,0.1,0,5,50,2.2103
0,0.5,1,1,0.1,0,50,0,2.2212
0,0.5,1,1,0.1,0,50,0.5,2.2167
0,0.5,1,1,0.1,0,50,1,2.2142
0,0.5,1,1,0.1,0,50,5,2.2105
0,0.5,1,1,0.1,0,50,50,2.2103
0,0.7,1,1,0.1,0,0,0,4.9741
0,0.7,1,1,0.1,0,0,0.5,2.6581
0,0.7,1,1,0.1,0,0,1,2.2874
0,0.7,1,1,0.1,0,0,5,2.0285
0,0.7,1,1,0.1,0,0,50,2.0251
0,0.7,1,1,0.1,0,0.5,0,3.4016
0,0.7,1,1,0.1,0,0.5,0.5,2.4223
0,0.7,1,1,0.1,0,0.5,1,2.1953
0,0.7,1,1,0.1,0,0.5,5,2.0273
0,0.7,1,1,0.1,0,0.5,50,2.0251
0,0.7,1,1,0.1,0,1,0,2.8745
0,0.7,1,1,0.1,0,1,0.5,2.3063
0,0.7,1,1,0.1,0,1,1,2.1497
0,0.7,1,1,0.1,0,1,5,2.0268
0,0.7,1,1,0.1,0,1,50,2.0251
0,0.7,1,1,0.1,0,5,0,2.1856
0,0.7,1,1,0.1,0,5,0.5,2.0978
0,0.7,1,1,0.1,0,5,1,2.0626
0,0.7,1,1,0.1,0,5,5,2.0258
0,0.7,1,1,0.1,0,5,50,2.0251
0,0.7,1,1,0.1,0,50,0,2.0365
0,0.7,1,1,0.1,0,50,0.5,2.0317
0,0.7,1,1,0.1,0,50,1,2.029
0,0.7,1,1,0.1,0,50,5,2.0252
0,0.7,1,1,0.1,0,50,50,2.0251
0,0.9,1,1,0.1,0,0,0,4.7329
0,0.9,1,1,0.1,0,0,0.5,2.5126
0,0.9,1,1,0.1,0,0,1,2.1594
0,0.9,1,1,0.1,0,0,5,1.9126
0,0.9,1,1,0.1,0,0,50,1.9094
0,0.9,1,1,0.1,0,0.5,0,3.2486
0,0.9,1,1,0.1,0,0.5,0.5,2.293
0,0.9,1,1,0.1,0,0.5,1,2.0733
0,0.9,1,1,0.1,0,0.5,5,1.9115
0,0.9,1,1,0.1,0,0.5,50,1.9094
0,0.9,1,1,0.1,0,1,0,2.7471
0,0.9,1,1,0.1,0,1,0.5,2.1849
0,0.9,1,1,0.1,0,1,1,2.0308
0,0.9,1,1,0.1,0,1,5,1.911
0,0.9,1,1,0.1,0,1,50,1.9094
0,0.9,1,1,0.1,0,5,0,2.0872
0,0.9,1,1,0.1,0,5,0.5,1.9879
0,0.9,1,1,0.1,0,5,1,1.9489
0,0.9,1,1,0.1,0,5,5,1.9101
0,0.9,1,1,0.1,0,5,50,1.9094
0,0.9,1,1,0.1,0,50,0,1.924
0,0.9,1,1,0.1,0,50,0.5,1.9172
0,0.9,1,1,0.1,0,50,1,1.9138
0,0.9,1,1,0.1,0,50,5,1.9095
0,0.9,1,1,0.1,0,50,50,1.9094
0,0.1,1,1,0.001,1,0,0,10.686
0,0.1,1,1,0.001,1,0,0.5,5.7788
0,0.1,1,1,0.001,1,0,1,5.0188
0,0.1,1,1,0.001,1,0,5,4.4985
0,0.1,1,1,0.001,1,0,50,4.4896
0,0.1,1,1,0.001,1,0.5,0,7.4581
0,0.1,1,1,0.001,1,0.5,0.5,5.3332
0,0.1,1,1,0.001,1,0.5,1,4.8503
0,0.1,1,1,0.001,1,0.5,5,4.4958
0,0.1,1,1,0.001,1,0.5,50,4.4896
0,0.1,1,1,0.001,1,1,0,6.3115
0,0.1,1,1,0.001,1,1,0.5,5.0851
0,0.1,1,1,0.001,1,1,1,4.7509
0,0.1,1,1,0.001,1,1,5,4.4941
0,0.1,1,1,0.001,1,1,50,4.4896
0,0.1,1,1,0.001,1,5,0,4.7818
0,0.1,1,1,0.001,1,5,0.5,4.6062
0,0.1,1,1,0.001,1,5,1,4.5421
0,0.1,1,1,0.001,1,5,5,4.4903
0,0.1,1,1,0.001,1,5,50,4.4896
0,0.1,1,1,0.001,1,50,0,4.5267
0,0.1,1,1,0.001,1,50,0.5,4.5033
0,0.1,1,1,0.001,1,50,1,4.495
0,0.1,1,1,0.001,1,50,5,4.4896
0,0.1,1,1,0.001,1,50,50,4.4896
0,0.3,1,1,0.001,1,0,0,10.662
0,0.3,1,1,0.001,1,0,0.5,5.7598
0,0.3,1,1,0.001,1,0,1,5.0038
0,0.3,1,1,0.001,1,0,5,4.4874
0,0.3,1,1,0.001,1,0,50,4.4786
0,0.3,1,1,0.001,1,0.5,0,7.4286
0,0.3,1,1,0.001,1,0.5,0.5,5.3152
0,0.3,1,1,0.001,1,0.5,1,4.8363
0,0.3,1,1,0.001,1,0.5,5,4.4847
0,0.3,1,1,0.001,1,0.5,50,4.4786
0,0.3,1,1,0.001,1,1,0,6.2859
0,0.3,1,1,0.001,1,1,0.5,5.0689
0,0.3,1,1,0.001,1,1,1,4.7376
0,0.3,1,1,0.001,1,1,5,4.483
0,0.3,1,1,0.001,1,1,50,4.4786
0,0.3,1,1,0.001,1,5,0,4.768
0,0.3,1,1,0.001,1,5,0.5,4.5941
0,0.3,1,1,0.001,1,5,1,4.5306
0,0.3,1,1,0.001,1,5,5,4.4793
0,0.3,1,1,0.001,1,5,50,4.4786
0,0.3,1,1,0.001,1,50,0,4.5153
0,0.3,1,1,0.001,1,50,0.5,4.4922
0,0.3,1,1,0.001,1,50,1,4.4839
0,0.3,1,1,0.001,1,50,5,4.4786
0,0.3,1,1,0.001,1,50,50,4.4786
0,0.5,1,1,0.001,1,0,0,10.331
0,0.5,1,1,0.001,1,0,0.5,5.5118
0,0.5,1,1,0.001,1,0,1,4.7959
0,0.5,1,1,0.001,1,0,5,4.3196
0,0.5,1,1,0.001,1,0,50,4.3117
0,0.5,1,1,0.001,1,0.5,0,7.1258
0,0.5,1,1,0.001,1,0.5,0.5,5.0843
0,0.5,1,1,0.001,1,0.5,1,4.6382
0,0.5,1,1,0.001,1,0.5,5,4.3172
0,0.5,1,1,0.001,1,0.5,50,4.3117
0,0.5,1,1,0.001,1,1,0,6.0183
0,0.5,1,1,0.001,1,1,0.5,4.8536
0,0.5,1,1,0.001,1,1,1,4.5472
0,0.5,1,1,0.001,1,1,5,4.3156
0,0.5,1,1,0.001,1,1,50,4.3117
0,0.5,1,1,0.001,1,5,0,4.5785
0,0.5,1,1,0.001,1,5,0.5,4.4172
0,0.5,1,1,0.001,1,5,1,4.359
0,0.5,1,1,0.001,1,5,5,4.3123
0,0.5,1,1,0.001,1,5,50,4.3117
0,0.5,1,1,0.001,1,50,0,4.3451
0,0.5,1,1,0.001,1,50,0.5,4.324
0,0.5,1,1,0.001,1,50,1,4.3165
0,0.5,1,1,0.001,1,50,5,4.3117
0,0.5,1,1,0.001,1,50,50,4.3117
0,0.7,1,1,0.001,1,0,0,9.7018
0,0.7,1,1,0.001,1,0,0.5,5.0865
0,0.7,1,1,0.001,1,0,1,4.4293
0,0.7,1,1,0.001,1,0,5,4.0075
0,0.7,1,1,0.001,1,0,50,4.0009
0,0.7,1,1,0.001,1,0.5,0,6.6809
0,0.7,1,1,0.001,1,0.5,0.5,4.7018
0,0.7,1,1,0.001,1,0.5,1,4.2896
0,0.7,1,1,0.001,1,0.5,5,4.0055
0,0.7,1,1,0.001,1,0.5,50,4.0009
0,0.7,1,1,0.001,1,1,0,5.6389
0,0.7,1,1,0.001,1,1,0.5,4.4952
0,0.7,1,1,0.001,1,1,1,4.2098
0,0.7,1,1,0.001,1,1,5,4.0042
0,0.7,1,1,0.001,1,1,50,4.0009
0,0.7,1,1,0.001,1,5,0,4.2738
0,0.7,1,1,0.001,1,5,0.5,4.1028
0,0.7,1,1,0.001,1,5,1,4.0451
0,0.7,1,1,0.001,1,5,5,4.0014
0,0.7,1,1,0.001,1,5,50,4.0009
0,0.7,1,1,0.001,1,50,0,4.0346
0,0.7,1,1,0.001,1,50,0.5,4.013
0,0.7,1,1,0.001,1,50,1,4.0055
0,0.7,1,1,0.001,1,50,5,4.0009
0,0.7,1,1,0.001,1,50,50,4.0009
0,0.9,1,1,0.001,1,0,0,9.3899
0,0.9,1,1,0.001,1,0,0.5,4.8991
0,0.9,1,1,0.001,1,0,1,4.2663
0,0.9,1,1,0.001,1,0,5,3.8653
0,0.9,1,1,0.001,1,0,50,3.8593
0,0.9,1,1,0.001,1,0.5,0,6.4955
0,0.9,1,1,0.001,1,0.5,0.5,4.5385
0,0.9,1,1,0.001,1,0.5,1,4.1356
0,0.9,1,1,0.001,1,0.5,5,3.8635
0,0.9,1,1,0.001,1,0.5,50,3.8593
0,0.9,1,1,0.001,1,1,0,5.4888
0,0.9,1,1,0.001,1,1,0.5,4.3435
0,0.9,1,1,0.001,1,1,1,4.0607
0,0.9,1,1,0.001,1,1,5,3.8623
0,0.9,1,1,0.001,1,1,50,3.8593
0,0.9,1,1,0.001,1,5,0,4.1613
0,0.9,1,1,0.001,1,5,0.5,3.968
0,0.9,1,1,0.001,1,5,1,3.9045
0,0.9,1,1,0.001,1,5,5,3.8597
0,0.9,1,1,0.001,1,5,50,3.8593
0,0.9,1,1,0.001,1,50,0,3.9004
0,0.9,1,1,0.001,1,50,0.5,3.873
0,0.9,1,1,0.001,1,50,1,3.8642
0,0.9,1,1,0.001,1,50,5,3.8593
0,0.9,1,1,0.001,1,50,50,3.8593
0,0.1,1,1,0.01,1,0,0,10.657
0,0.1,1,1,0.01,1,0,0.5,5.7632
0,0.1,1,1,0.01,1,0,1,5.0049
0,0.1,1,1,0.01,1,0,5,4.4855
0,0.1,1,1,0.01,1,0,50,4.4766
0,0.1,1,1,0.01,1,0.5,0,7.4361
0,0.1,1,1,0.01,1,0.5,0.5,5.3183
0,0.1,1,1,0.01,1,0.5,1,4.8367
0,0.1,1,1,0.01,1,0.5,5,4.4828
0,0.1,1,1,0.01,1,0.5,50,4.4766
0,0.1,1,1,0.01,1,1,0,6.2928
0,0.1,1,1,0.01,1,1,0.5,5.0707
0,0.1,1,1,0.01,1,1,1,4.7374
0,0.1,1,1,0.01,1,1,5,4.481
0,0.1,1,1,0.01,1,1,50,4.4766
0,0.1,1,1,0.01,1,5,0,4.7682
0,0.1,1,1,0.01,1,5,0.5,4.593
0,0.1,1,1,0.01,1,5,1,4.5291
0,0.1,1,1,0.01,1,5,5,4.4773
0,0.1,1,1,0.01,1,5,50,4.4766
0,0.1,1,1,0.01,1,50,0,4.5139
0,0.1,1,1,0.01,1,50,0.5,4.4905
0,0.1,1,1,0.01,1,50,1,4.482
0,0.1,1,1,0.01,1,50,5,4.4766
0,0.1,1,1,0.01,1,50,50,4.4766
0,0.3,1,1,0.01,1,0,0,10.631
0,0.3,1,1,0.01,1,0,0.5,5.7426
0,0.3,1,1,0.01,1,0,1,4.9887
0,0.3,1,1,0.01,1,0,5,4.4735
0,0.3,1,1,0.01,1,0,50,4.4647
0,0.3,1,1,0.01,1,0.5,0,7.4044
0,0.3,1,1,0.01,1,0.5,0.5,5.2989
0,0.3,1,1,0.01,1,0.5,1,4.8214
0,0.3,1,1,0.01,1,0.5,5,4.4708
0,0.3,1,1,0.01,1,0.5,50,4.4647
0,0.3,1,1,0.01,1,1,0,6.2652
0,0.3,1,1,0.01,1,1,0.5,5.0532
0,0.3,1,1,0.01,1,1,1,4.723
0,0.3,1,1,0.01,1,1,5,4.4691
0,0.3,1,1,0.01,1,1,50,4.4647
0,0.3,1,1,0.01,1,5,0,4.7533
0,0.3,1,1,0.01,1,5,0.5,4.5799
0,0.3,1,1,0.01,1,5,1,4.5166
0,0.3,1,1,0.01,1,5,5,4.4653
0,0.3,1,1,0.01,1,5,50,4.4647
0,0.3,1,1,0.01,1,50,0,4.5017
0,0.3,1,1,0.01,1,50,0.5,4.4784
0,0.3,1,1,0.01,1,50,1,4.4701
0,0.3,1,1,0.01,1,50,5,4.4647
0,0.3,1,1,0.01,1,50,50,4.4647
0,0.5,1,1,0.01,1,0,0,10.291
0,0.5,1,1,0.01,1,0,0.5,5.4881
0,0.5,1,1,0.01,1,0,1,4.775
0,0.5,1,1,0.01,1,0,5,4.3008
0,0.5,1,1,0.01,1,0,50,4.2929
0,0.5,1,1,0.01,1,0.5,0,7.0946
0,0.5,1,1,0.01,1,0.5,0.5,5.062
0,0.5,1,1,0.01,1,0.5,1,4.6179
0,0.5,1,1,0.01,1,0.5,5,4.2984
0,0.5,1,1,0.01,1,0.5,50,4.2929
0,0.5,1,1,0.01,1,1,0,5.9915
0,0.5,1,1,0.01,1,1,0.5,4.8322
0,0.5,1,1,0.01,1,1,1,4.5273
0,0.5,1,1,0.01,1,1,5,4.2969
0,0.5,1,1,0.01,1,1,50,4.2929
0,0.5,1,1,0.01,1,5,0,4.5588
0,0.5,1,1,0.01,1,5,0.5,4.398
0,0.5,1,1,0.01,1,5,1,4.3401
0,0.5,1,1,0.01,1,5,5,4.2935
0,0.5,1,1,0.01,1,5,50,4.2929
0,0.5,1,1,0.01,1,50,0,4.3266
0,0.5,1,1,0.01,1,50,0.5,4.3054
0,0.5,1,1,0.01,1,50,1,4.2978
0,0.5,1,1,0.01,1,50,5,4.293
0,0.5,1,1,0.01,1,50,50,4.2929
0,0.7,1,1,0.01,1,0,0,9.6618
0,0.7,1,1,0.01,1,0,0.5,5.0642
0,0.7,1,1,0.01,1,0,1,4.4093
0,0.7,1,1,0.01,1,0,5,3.9892
0,0.7,1,1,0.01,1,0,50,3.9826
0,0.7,1,1,0.01,1,0.5,0,6.6519
0,0.7,1,1,0.01,1,0.5,0.5,4.6809
0,0.7,1,1,0.01,1,0.5,1,4.2702
0,0.7,1,1,0.01,1,0.5,5,3.9872
0,0.7,1,1,0.01,1,0.5,50,3.9826
0,0.7,1,1,0.01,1,1,0,5.6145
0,0.7,1,1,0.01,1,1,0.5,4.4752
0,0.7,1,1,0.01,1,1,1,4.1907
0,0.7,1,1,0.01,1,1,5,3.9859
0,0.7,1,1,0.01,1,1,50,3.9826
0,0.7,1,1,0.01,1,5,0,4.2555
0,0.7,1,1,0.01,1,5,0.5,4.0845
0,0.7,1,1,0.01,1,5,1,4.0267
0,0.7,1,1,0.01,1,5,5,3.9831
0,0.7,1,1,0.01,1,5,50,3.9826
0,0.7,1,1,0.01,1,50,0,4.0166
0,0.7,1,1,0.01,1,50,0.5,3.9948
0,0.7,1,1,0.01,1,50,1,3.9873
0,0.7,1,1,0.01,1,50,5,3.9826
0,0.7,1,1,0.01,1,50,50,3.9826
0,0.9,1,1,0.01,1,0,0,9.3592
0,0.9,1,1,0.01,1,0,0.5,4.8832
0,0.9,1,1,0.01,1,0,1,4.252
0,0.9,1,1,0.01,1,0,5,3.852
0,0.9,1,1,0.01,1,0,50,3.846
0,0.9,1,1,0.01,1,0.5,0,6.4729
0,0.9,1,1,0.01,1,0.5,0.5,4.5234
0,0.9,1,1,0.01,1,0.5,1,4.1216
0,0.9,1,1,0.01,1,0.5,5,3.8502
0,0.9,1,1,0.01,1,0.5,50,3.846
0,0.9,1,1,0.01,1,1,0,5.4698
0,0.9,1,1,0.01,1,1,0.5,4.329
0,0.9,1,1,0.01,1,1,1,4.0469
0,0.9,1,1,0.01,1,1,5,3.849
0,0.9,1,1,0.01,1,1,50,3.846
0,0.9,1,1,0.01,1,5,0,4.1476
0,0.9,1,1,0.01,1,5,0.5,3.9547
0,0.9,1,1,0.01,1,5,1,3.8912
0,0.9,1,1,0.01,1,5,5,3.8464
0,0.9,1,1,0.01,1,5,50,3.846
0,0.9,1,1,0.01,1,50,0,3.8875
0,0.9,1,1,0.01,1,50,0.5,3.8599
0,0.9,1,1,0.01,1,50,1,3.8509
0,0.9,1,1,0.01,1,50,5,3.846
0,0.9,1,1,0.01,1,50,50,3.846
0,0.1,1,1,0.1,1,0,0,9.707
0,0.1,1,1,0.1,1,0,0.5,5.2375
0,0.1,1,1,0.1,1,0,1,4.5358
0,0.1,1,1,0.1,1,0,5,4.0469
0,0.1,1,1,0.1,1,0,50,4.0385
0,0.1,1,1,0.1,1,0.5,0,6.7274
0,0.1,1,1,0.1,1,0.5,0.5,4.8204
0,0.1,1,1,0.1,1,0.5,1,4.377
0,0.1,1,1,0.1,1,0.5,5,4.0444
0,0.1,1,1,0.1,1,0.5,50,4.0385
0,0.1,1,1,0.1,1,1,0,5.6816
0,0.1,1,1,0.1,1,1,0.5,4.5896
0,0.1,1,1,0.1,1,1,1,4.2836
0,0.1,1,1,0.1,1,1,5,4.0427
0,0.1,1,1,0.1,1,1,50,4.0385
0,0.1,1,1,0.1,1,5,0,4.3086
0,0.1,1,1,0.1,1,5,0.5,4.1481
0,0.1,1,1,0.1,1,5,1,4.0885
0,0.1,1,1,0.1,1,5,5,4.0392
0,0.1,1,1,0.1,1,5,50,4.0385
0,0.1,1,1,0.1,1,50,0,4.0711
0,0.1,1,1,0.1,1,50,0.5,4.0511
0,0.1,1,1,0.1,1,50,1,4.0437
0,0.1,1,1,0.1,1,50,5,4.0386
0,0.1,1,1,0.1,1,50,50,4.0385
0,0.3,1,1,0.1,1,0,0,9.6675
0,0.3,1,1,0.1,1,0,0.5,5.207
0,0.3,1,1,0.1,1,0,1,4.5116
0,0.3,1,1,0.1,1,0,5,4.0293
0,0.3,1,1,0.1,1,0,50,4.0211
0,0.3,1,1,0.1,1,0.5,0,6.6786
0,0.3,1,1,0.1,1,0.5,0.5,4.7912
0,0.3,1,1,0.1,1,0.5,1,4.3542
0,0.3,1,1,0.1,1,0.5,5,4.0268
0,0.3,1,1,0.1,1,0.5,50,4.0211
0,0.3,1,1,0.1,1,1,0,5.6395
0,0.3,1,1,0.1,1,1,0.5,4.5632
0,0.3,1,1,0.1,1,1,1,4.2621
0,0.3,1,1,0.1,1,1,5,4.0252
0,0.3,1,1,0.1,1,1,50,4.0211
0,0.3,1,1,0.1,1,5,0,4.2864
0,0.3,1,1,0.1,1,5,0.5,4.1287
0,0.3,1,1,0.1,1,5,1,4.0702
0,0.3,1,1,0.1,1,5,5,4.0217
0,0.3,1,1,0.1,1,5,50,4.0211
0,0.3,1,1,0.1,1,50,0,4.0531
0,0.3,1,1,0.1,1,50,0.5,4.0335
0,0.3,1,1,0.1,1,50,1,4.0262
0,0.3,1,1,0.1,1,50,5,4.0211
0,0.3,1,1,0.1,1,50,50,4.0211
0,0.5,1,1,0.1,1,0,0,9.3017
0,0.5,1,1,0.1,1,0,0.5,4.9396
0,0.5,1,1,0.1,1,0,1,4.2873
0,0.5,1,1,0.1,1,0,5,3.8494
0,0.5,1,1,0.1,1,0,50,3.8422
0,0.5,1,1,0.1,1,0.5,0,6.3527
0,0.5,1,1,0.1,1,0.5,0.5,4.5426
0,0.5,1,1,0.1,1,0.5,1,4.1405
0,0.5,1,1,0.1,1,0.5,5,3.8472
0,0.5,1,1,0.1,1,0.5,50,3.8422
0,0.5,1,1,0.1,1,1,0,5.3539
0,0.5,1,1,0.1,1,1,0.5,4.3316
0,0.5,1,1,0.1,1,1,1,4.057
0,0.5,1,1,0.1,1,1,5,3.8458
0,0.5,1,1,0.1,1,1,50,3.8422
0,0.5,1,1,0.1,1,5,0,4.0832
0,0.5,1,1,0.1,1,5,0.5,3.9387
0,0.5,1,1,0.1,1,5,1,3.8859
0,0.5,1,1,0.1,1,5,5,3.8428
0,0.5,1,1,0.1,1,5,50,3.8422
0,0.5,1,1,0.1,1,50,0,3.871
0,0.5,1,1,0.1,1,50,0.5,3.8533
0,0.5,1,1,0.1,1,50,1,3.8467
0,0.5,1,1,0.1,1,50,5,3.8422
0,0.5,1,1,0.1,1,50,50,3.8422
0,0.7,1,1,0.1,1,0,0,8.7313
0,0.7,1,1,0.1,1,0,0.5,4.5639
0,0.7,1,1,0.1,1,0,1,3.9648
0,0.7,1,1,0.1,1,0,5,3.5758
0,0.7,1,1,0.1,1,0,50,3.5697
0,0.7,1,1,0.1,1,0.5,0,5.9709
0,0.7,1,1,0.1,1,0.5,0.5,4.209
0,0.7,1,1,0.1,1,0.5,1,3.8351
0,0.7,1,1,0.1,1,0.5,5,3.5739
0,0.7,1,1,0.1,1,0.5,50,3.5697
0,0.7,1,1,0.1,1,1,0,5.0325
0,0.7,1,1,0.1,1,1,0.5,4.0203
0,0.7,1,1,0.1,1,1,1,3.7618
0,0.7,1,1,0.1,1,1,5,3.5728
0,0.7,1,1,0.1,1,1,50,3.5697
0,0.7,1,1,0.1,1,5,0,3.8211
0,0.7,1,1,0.1,1,5,0.5,3.6648
0,0.7,1,1,0.1,1,5,1,3.6112
0,0.7,1,1,0.1,1,5,5,3.5702
0,0.7,1,1,0.1,1,5,50,3.5697
0,0.7,1,1,0.1,1,50,0,3.5995
0,0.7,1,1,0.1,1,50,0.5,3.5809
0,0.7,1,1,0.1,1,50,1,3.5742
0,0.7,1,1,0.1,1,50,5,3.5698
0,0.7,1,1,0.1,1,50,50,3.5697
0,0.9,1,1,0.1,1,0,0,8.4888
0,0.9,1,1,0.1,1,0,0.5,4.4203
0,0.9,1,1,0.1,1,0,1,3.8416
0,0.9,1,1,0.1,1,0,5,3.4693
0,0.9,1,1,0.1,1,0,50,3.4636
0,0.9,1,1,0.1,1,0.5,0,5.8371
0,0.9,1,1,0.1,1,0.5,0.5,4.0866
0,0.9,1,1,0.1,1,0.5,1,3.7197
0,0.9,1,1,0.1,1,0.5,5,3.4675
0,0.9,1,1,0.1,1,0.5,50,3.4636
0,0.9,1,1,0.1,1,1,0,4.9262
0,0.9,1,1,0.1,1,1,0.5,3.9077
0,0.9,1,1,0.1,1,1,1,3.6505
0,0.9,1,1,0.1,1,1,5,3.4665
0,0.9,1,1,0.1,1,1,50,3.4636
0,0.9,1,1,0.1,1,5,0,3.7415
0,0.9,1,1,0.1,1,5,0.5,3.5659
0,0.9,1,1,0.1,1,5,1,3.5068
0,0.9,1,1,0.1,1,5,5,3.4641
0,0.9,1,1,0.1,1,5,50,3.4636
0,0.9,1,1,0.1,1,50,0,3.5003
0,0.9,1,1,0.1,1,50,0.5,3.4766
0,0.9,1,1,0.1,1,50,1,3.4686
0,0.9,1,1,0.1,1,50,5,3.4637
0,0.9,1,1,0.1,1,50,50,3.4636
0,0.1,2,1,0.001,0,0,0,3.6646
0,0.1,2,1,0.001,0,0,0.5,2.0077
0,0.1,2,1,0.001,0,0,1,1.7306
0,0.1,2,1,0.001,0,0,5,1.542
0,0.1,2,1,0.001,0,0,50,1.54
0,0.1,2,1,0.001,0,0.5,0,2.5262
0,0.1,2,1,0.001,0,0.5,0.5,1.8393
0,0.1,2,1,0.001,0,0.5,1,1.667
0,0.1,2,1,0.001,0,0.5,5,1.5413
0,0.1,2,1,0.001,0,0.5,50,1.54
0,0.1,2,1,0.001,0,1,0,2.1327
0,0.1,2,1,0.001,0,1,0.5,1.7481
0,0.1,2,1,0.001,0,1,1,1.6316
0,0.1,2,1,0.001,0,1,5,1.541
0,0.1,2,1,0.001,0,1,50,1.54
0,0.1,2,1,0.001,0,5,0,1.6319
0,0.1,2,1,0.001,0,5,0.5,1.5825
0,0.1,2,1,0.001,0,5,1,1.5617
0,0.1,2,1,0.001,0,5,5,1.5403
0,0.1,2,1,0.001,0,5,50,1.54
0,0.1,2,1,0.001,0,50,0,1.5452
0,0.1,2,1,0.001,0,50,0.5,1.543
0,0.1,2,1,0.001,0,50,1,1.5418
0,0.1,2,1,0.001,0,50,5,1.54
0,0.1,2,1,0.001,0,50,50,1.54
0,0.3,2,1,0.001,0,0,0,3.5573
0,0.3,2,1,0.001,0,0,0.5,1.9365
0,0.3,2,1,0.001,0,0,1,1.6699
0,0.3,2,1,0.001,0,0,5,1.4899
0,0.3,2,1,0.001,0,0,50,1.4879
0,0.3,2,1,0.001,0,0.5,0,2.3925
0,0.3,2,1,0.001,0,0.5,0.5,1.7621
0,0.3,2,1,0.001,0,0.5,1,1.604
0,0.3,2,1,0.001,0,0.5,5,1.4892
0,0.3,2,1,0.001,0,0.5,50,1.4879
0,0.3,2,1,0.001,0,1,0,2.016
0,0.3,2,1,0.001,0,1,0.5,1.6738
0,0.3,2,1,0.001,0,1,1,1.5698
0,0.3,2,1,0.001,0,1,5,1.4889
0,0.3,2,1,0.001,0,1,50,1.4879
0,0.3,2,1,0.001,0,5,0,1.5645
0,0.3,2,1,0.001,0,5,0.5,1.5236
0,0.3,2,1,0.001,0,5,1,1.5063
0,0.3,2,1,0.001,0,5,5,1.4883
0,0.3,2,1,0.001,0,5,50,1.4879
0,0.3,2,1,0.001,0,50,0,1.4923
0,0.3,2,1,0.001,0,50,0.5,1.4905
0,0.3,2,1,0.001,0,50,1,1.4895
0,0.3,2,1,0.001,0,50,5,1.488
0,0.3,2,1,0.001,0,50,50,1.4879
0,0.5,2,1,0.001,0,0,0,3.0742
0,0.5,2,1,0.001,0,0,0.5,1.6411
0,0.5,2,1,0.001,0,0,1,1.4142
0,0.5,2,1,0.001,0,0,5,1.2619
0,0.5,2,1,0.001,0,0,50,1.2601
0,0.5,2,1,0.001,0,0.5,0,2.0021
0,0.5,2,1,0.001,0,0.5,0.5,1.4765
0,0.5,2,1,0.001,0,0.5,1,1.3507
0,0.5,2,1,0.001,0,0.5,5,1.2611
0,0.5,2,1,0.001,0,0.5,50,1.2601
0,0.5,2,1,0.001,0,1,0,1.6814
0,0.5,2,1,0.001,0,1,0.5,1.4011
0,0.5,2,1,0.001,0,1,1,1.3211
0,0.5,2,1,0.001,0,1,5,1.2608
0,0.5,2,1,0.001,0,1,50,1.2601
0,0.5,2,1,0.001,0,5,0,1.3122
0,0.5,2,1,0.001,0,5,0.5,1.2838
0,0.5,2,1,0.001,0,5,1,1.2722
0,0.5,2,1,0.001,0,5,5,1.2603
0,0.5,2,1,0.001,0,5,50,1.2601
0,0.5,2,1,0.001,0,50,0,1.2627
0,0.5,2,1,0.001,0,50,0.5,1.2616
0,0.5,2,1,0.001,0,50,1,1.261
0,0.5,2,1,0.001,0,50,5,1.2601
0,0.5,2,1,0.001,0,50,50,1.2601
0,0.7,2,1,0.001,0,0,0,2.5131
0,0.7,2,1,0.001,0,0,0.5,1.3304
0,0.7,2,1,0.001,0,0,1,1.1442
0,0.7,2,1,0.001,0,0,5,1.0149
0,0.7,2,1,0.001,0,0,50,1.0132
0,0.7,2,1,0.001,0,0.5,0,1.6601
0,0.7,2,1,0.001,0,0.5,0.5,1.1996
0,0.7,2,1,0.001,0,0.5,1,1.0922
0,0.7,2,1,0.001,0,0.5,5,1.0142
0,0.7,2,1,0.001,0,0.5,50,1.0132
0,0.7,2,1,0.001,0,1,0,1.3971
0,0.7,2,1,0.001,0,1,0.5,1.1395
0,0.7,2,1,0.001,0,1,1,1.0683
0,0.7,2,1,0.001,0,1,5,1.014
0,0.7,2,1,0.001,0,1,50,1.0132
0,0.7,2,1,0.001,0,5,0,1.0756
0,0.7,2,1,0.001,0,5,0.5,1.0404
0,0.7,2,1,0.001,0,5,1,1.027
0,0.7,2,1,0.001,0,5,5,1.0135
0,0.7,2,1,0.001,0,5,50,1.0132
0,0.7,2,1,0.001,0,50,0,1.0165
0,0.7,2,1,0.001,0,50,0.5,1.0151
0,0.7,2,1,0.001,0,50,1,1.0144
0,0.7,2,1,0.001,0,50,5,1.0133
0,0.7,2,1,0.001,0,50,50,1.0132
0,0.9,2,1,0.001,0,0,0,2.1722
0,0.9,2,1,0.001,0,0,0.5,1.1526
0,0.9,2,1,0.001,0,0,1,0.98889
0,0.9,2,1,0.001,0,0,5,0.86953
0,0.9,2,1,0.001,0,0,50,0.86779
0,0.9,2,1,0.001,0,0.5,0,1.468
0,0.9,2,1,0.001,0,0.5,0.5,1.0445
0,0.9,2,1,0.001,0,0.5,1,0.94521
0,0.9,2,1,0.001,0,0.5,5,0.8689
0,0.9,2,1,0.001,0,0.5,50,0.86779
0,0.9,2,1,0.001,0,1,0,1.2407
0,0.9,2,1,0.001,0,1,0.5,0.99415
0,0.9,2,1,0.001,0,1,1,0.92491
0,0.9,2,1,0.001,0,1,5,0.86864
0,0.9,2,1,0.001,0,1,50,0.86779
0,0.9,2,1,0.001,0,5,0,0.9532
0,0.9,2,1,0.001,0,5,0.5,0.90613
0,0.9,2,1,0.001,0,5,1,0.88749
0,0.9,2,1,0.001,0,5,5,0.86818
0,0.9,2,1,0.001,0,5,50,0.86779
0,0.9,2,1,0.001,0,50,0,0.87523
0,0.9,2,1,0.001,0,50,0.5,0.87185
0,0.9,2,1,0.001,0,50,1,0.87011
0,0.9,2,1,0.001,0,50,5,0.86785
0,0.9,2,1,0.001,0,50,50,0.86779
0,0.1,2,1,0.01,0,0,0,3.6633
0,0.1,2,1,0.01,0,0,0.5,2.0069
0,0.1,2,1,0.01,0,0,1,1.7299
0,0.1,2,1,0.01,0,0,5,1.5414
0,0.1,2,1,0.01,0,0,50,1.5394
0,0.1,2,1,0.01,0,0.5,0,2.525
0,0.1,2,1,0.01,0,0.5,0.5,1.8385
0,0.1,2,1,0.01,0,0.5,1,1.6663
0,0.1,2,1,0.01,0,0.5,5,1.5407
0,0.1,2,1,0.01,0,0.5,50,1.5394
0,0.1,2,1,0.01,0,1,0,2.1316
0,0.1,2,1,0.01,0,1,0.5,1.7474
0,0.1,2,1,0.01,0,1,1,1.631
0,0.1,2,1,0.01,0,1,5,1.5404
0,0.1,2,1,0.01,0,1,50,1.5394
0,0.1,2,1,0.01,0,5,0,1.6312
0,0.1,2,1,0.01,0,5,0.5,1.5819
0,0.1,2,1,0.01,0,5,1,1.5611
0,0.1,2,1,0.01,0,5,5,1.5397
0,0.1,2,1,0.01,0,5,50,1.5394
0,0.1,2,1,0.01,0,50,0,1.5446
0,0.1,2,1,0.01,0,50,0.5,1.5424
0,0.1,2,1,0.01,0,50,1,1.5412
0,0.1,2,1,0.01,0,50,5,1.5394
0,0.1,2,1,0.01,0,50,50,1.5394
0,0.3,2,1,0.01,0,0,0,3.5505
0,0.3,2,1,0.01,0,0,0.5,1.9319
0,0.3,2,1,0.01,0,0,1,1.6659
0,0.3,2,1,0.01,0,0,5,1.4865
0,0.3,2,1,0.01,0,0,50,1.4845
0,0.3,2,1,0.01,0,0.5,0,2.3851
0,0.3,2,1,0.01,0,0.5,0.5,1.7573
0,0.3,2,1,0.01,0,0.5,1,1.6
0,0.3,2,1,0.01,0,0.5,5,1.4857
0,0.3,2,1,0.01,0,0.5,50,1.4845
0,0.3,2,1,0.01,0,1,0,2.0095
0,0.3,2,1,0.01,0,1,0.5,1.6692
0,0.3,2,1,0.01,0,1,1,1.5658
0,0.3,2,1,0.01,0,1,5,1.4854
0,0.3,2,1,0.01,0,1,50,1.4845
0,0.3,2,1,0.01,0,5,0,1.5603
0,0.3,2,1,0.01,0,5,0.5,1.5198
0,0.3,2,1,0.01,0,5,1,1.5027
0,0.3,2,1,0.01,0,5,5,1.4848
0,0.3,2,1,0.01,0,5,50,1.4845
0,0.3,2,1,0.01,0,50,0,1.4888
0,0.3,2,1,0.01,0,50,0.5,1.487
0,0.3,2,1,0.01,0,50,1,1.486
0,0.3,2,1,0.01,0,50,5,1.4845
0,0.3,2,1,0.01,0,50,50,1.4845
0,0.5,2,1,0.01,0,0,0,3.0602
0,0.5,2,1,0.01,0,0,0.5,1.6326
0,0.5,2,1,0.01,0,0,1,1.4069
0,0.5,2,1,0.01,0,0,5,1.2552
0,0.5,2,1,0.01,0,0,50,1.2534
0,0.5,2,1,0.01,0,0.5,0,1.9923
0,0.5,2,1,0.01,0,0.5,0.5,1.4687
0,0.5,2,1,0.01,0,0.5,1,1.3435
0,0.5,2,1,0.01,0,0.5,5,1.2545
0,0.5,2,1,0.01,0,0.5,50,1.2534
0,0.5,2,1,0.01,0,1,0,1.673
0,0.5,2,1,0.01,0,1,0.5,1.3936
0,0.5,2,1,0.01,0,1,1,1.3141
0,0.5,2,1,0.01,0,1,5,1.2541
0,0.5,2,1,0.01,0,1,50,1.2534
0,0.5,2,1,0.01,0,5,0,1.3053
0,0.5,2,1,0.01,0,5,0.5,1.2769
0,0.5,2,1,0.01,0,5,1,1.2655
0,0.5,2,1,0.01,0,5,5,1.2537
0,0.5,2,1,0.01,0,5,50,1.2534
0,0.5,2,1,0.01,0,50,0,1.256
0,0.5,2,1,0.01,0,50,0.5,1.2549
0,0.5,2,1,0.01,0,50,1,1.2543
0,0.5,2,1,0.01,0,50,5,1.2535
0,0.5,2,1,0.01,0,50,50,1.2534
0,0.7,2,1,0.01,0,0,0,2.5017
0,0.7,2,1,0.01,0,0,0.5,1.3241
0,0.7,2,1,0.01,0,0,1,1.1387
0,0.7,2,1,0.01,0,0,5,1.0098
0,0.7,2,1,0.01,0,0,50,1.0081
0,0.7,2,1,0.01,0,0.5,0,1.653
0,0.7,2,1,0.01,0,0.5,0.5,1.1939
0,0.7,2,1,0.01,0,0.5,1,1.0869
0,0.7,2,1,0.01,0,0.5,5,1.0091
0,0.7,2,1,0.01,0,0.5,50,1.0081
0,0.7,2,1,0.01,0,1,0,1.3912
0,0.7,2,1,0.01,0,1,0.5,1.1341
0,0.7,2,1,0.01,0,1,1,1.0631
0,0.7,2,1,0.01,0,1,5,1.0088
0,0.7,2,1,0.01,0,1,50,1.0081
0,0.7,2,1,0.01,0,5,0,1.0708
0,0.7,2,1,0.01,0,5,0.5,1.0353
0,0.7,2,1,0.01,0,5,1,1.0219
0,0.7,2,1,0.01,0,5,5,1.0083
0,0.7,2,1,0.01,0,5,50,1.0081
0,0.7,2,1,0.01,0,50,0,1.0114
0,0.7,2,1,0.01,0,50,0.5,1.01
0,0.7,2,1,0.01,0,50,1,1.0092
0,0.7,2,1,0.01,0,50,5,1.0081
0,0.7,2,1,0.01,0,50,50,1.0081
0,0.9,2,1,0.01,0,0,0,2.1661
0,0.9,2,1,0.01,0,0,0.5,1.1494
0,0.9,2,1,0.01,0,0,1,0.98612
0,0.9,2,1,0.01,0,0,5,0.86684
0,0.9,2,1,0.01,0,0,50,0.8651
0,0.9,2,1,0.01,0,0.5,0,1.4642
0,0.9,2,1,0.01,0,0.5,0.5,1.0417
0,0.9,2,1,0.01,0,0.5,1,0.94252
0,0.9,2,1,0.01,0,0.5,5,0.86621
0,0.9,2,1,0.01,0,0.5,50,0.8651
0,0.9,2,1,0.01,0,1,0,1.2376
0,0.9,2,1,0.01,0,1,0.5,0.99145
0,0.9,2,1,0.01,0,1,1,0.92227
0,0.9,2,1,0.01,0,1,5,0.86595
0,0.9,2,1,0.01,0,1,50,0.8651
0,0.9,2,1,0.01,0,5,0,0.95075
0,0.9,2,1,0.01,0,5,0.5,0.90361
0,0.9,2,1,0.01,0,5,1,0.8849
0,0.9,2,1,0.01,0,5,5,0.86549
0,0.9,2,1,0.01,0,5,50,0.8651
0,0.9,2,1,0.01,0,50,0,0.87263
0,0.9,2,1,0.01,0,50,0.5,0.8692
0,0.9,2,1,0.01,0,50,1,0.86744
0,0.9,2,1,0.01,0,50,5,0.86516
0,0.9,2,1,0.01,0,50,50,0.8651
0,0.1,2,1,0.1,0,0,0,3.5874
0,0.1,2,1,0.1,0,0,0.5,1.9666
0,0.1,2,1,0.1,0,0,1,1.6941
0,0.1,2,1,0.1,0,0,5,1.5066
0,0.1,2,1,0.1,0,0,50,1.5045
0,0.1,2,1,0.1,0,0.5,0,2.4675
0,0.1,2,1,0.1,0,0.5,0.5,1.7999
0,0.1,2,1,0.1,0,0.5,1,1.6309
0,0.1,2,1,0.1,0,0.5,5,1.5059
0,0.1,2,1,0.1,0,0.5,50,1.5045
0,0.1,2,1,0.1,0,1,0,2.082
0,0.1,2,1,0.1,0,1,0.5,1.7096
0,0.1,2,1,0.1,0,1,1,1.5956
0,0.1,2,1,0.1,0,1,5,1.5055
0,0.1,2,1,0.1,0,1,50,1.5045
0,0.1,2,1,0.1,0,5,0,1.5939
0,0.1,2,1,0.1,0,5,0.5,1.546
0,0.1,2,1,0.1,0,5,1,1.5258
0,0.1,2,1,0.1,0,5,5,1.5049
0,0.1,2,1,0.1,0,5,50,1.5045
0,0.1,2,1,0.1,0,50,0,1.5093
0,0.1,2,1,0.1,0,50,0.5,1.5073
0,0.1,2,1,0.1,0,50,1,1.5062
0,0.1,2,1,0.1,0,50,5,1.5045
0,0.1,2,1,0.1,0,50,50,1.5045
0,0.3,2,1,0.1,0,0,0,3.4481
0,0.3,2,1,0.1,0,0,0.5,1.8758
0,0.3,2,1,0.1,0,0,1,1.6162
0,0.3,2,1,0.1,0,0,5,1.4394
0,0.3,2,1,0.1,0,0,50,1.4374
0,0.3,2,1,0.1,0,0.5,0,2.2983
0,0.3,2,1,0.1,0,0.5,0.5,1.7012
0,0.3,2,1,0.1,0,0.5,1,1.5499
0,0.3,2,1,0.1,0,0.5,5,1.4386
0,0.3,2,1,0.1,0,0.5,50,1.4374
0,0.3,2,1,0.1,0,1,0,1.9349
0,0.3,2,1,0.1,0,1,0.5,1.6145
0,0.3,2,1,0.1,0,1,1,1.516
0,0.3,2,1,0.1,0,1,5,1.4383
0,0.3,2,1,0.1,0,1,50,1.4374
0,0.3,2,1,0.1,0,5,0,1.5076
0,0.3,2,1,0.1,0,5,0.5,1.4703
0,0.3,2,1,0.1,0,5,1,1.4544
0,0.3,2,1,0.1,0,5,5,1.4377
0,0.3,2,1,0.1,0,5,50,1.4374
0,0.3,2,1,0.1,0,50,0,1.4411
0,0.3,2,1,0.1,0,50,0.5,1.4396
0,0.3,2,1,0.1,0,50,1,1.4387
0,0.3,2,1,0.1,0,50,5,1.4374
0,0.3,2,1,0.1,0,50,50,1.4374
0,0.5,2,1,0.1,0,0,0,2.924
0,0.5,2,1,0.1,0,0,0.5,1.5615
0,0.5,2,1,0.1,0,0,1,1.3438
0,0.5,2,1,0.1,0,0,5,1.1953
0,0.5,2,1,0.1,0,0,50,1.1935
0,0.5,2,1,0.1,0,0.5,0,1.895
0,0.5,2,1,0.1,0,0.5,0.5,1.4009
0,0.5,2,1,0.1,0,0.5,1,1.281
0,0.5,2,1,0.1,0,0.5,5,1.1945
0,0.5,2,1,0.1,0,0.5,50,1.1935
0,0.5,2,1,0.1,0,1,0,1.5907
0,0.5,2,1,0.1,0,1,0.5,1.328
0,0.5,2,1,0.1,0,1,1,1.2521
0,0.5,2,1,0.1,0,1,5,1.1942
0,0.5,2,1,0.1,0,1,50,1.1935
0,0.5,2,1,0.1,0,5,0,1.242
0,0.5,2,1,0.1,0,5,0.5,1.2156
0,0.5,2,1,0.1,0,5,1,1.2048
0,0.5,2,1,0.1,0,5,5,1.1937
0,0.5,2,1,0.1,0,5,50,1.1935
0,0.5,2,1,0.1,0,50,0,1.1958
0,0.5,2,1,0.1,0,50,0.5,1.1948
0,0.5,2,1,0.1,0,50,1,1.1943
0,0.5,2,1,0.1,0,50,5,1.1935
0,0.5,2,1,0.1,0,50,50,1.1935
0,0.7,2,1,0.1,0,0,0,2.3811
0,0.7,2,1,0.1,0,0,0.5,1.2644
0,0.7,2,1,0.1,0,0,1,1.0859
0,0.7,2,1,0.1,0,0,5,0.95918
0,0.7,2,1,0.1,0,0,50,0.95744
0,0.7,2,1,0.1,0,0.5,0,1.5727
0,0.7,2,1,0.1,0,0.5,0.5,1.1383
0,0.7,2,1,0.1,0,0.5,1,1.0351
0,0.7,2,1,0.1,0,0.5,5,0.95846
0,0.7,2,1,0.1,0,0.5,50,0.95744
0,0.7,2,1,0.1,0,1,0,1.3237
0,0.7,2,1,0.1,0,1,0.5,1.0804
0,0.7,2,1,0.1,0,1,1,1.0118
0,0.7,2,1,0.1,0,1,5,0.95818
0,0.7,2,1,0.1,0,1,50,0.95744
0,0.7,2,1,0.1,0,5,0,1.0188
0,0.7,2,1,0.1,0,5,0.5,0.98456
0,0.7,2,1,0.1,0,5,1,0.97126
0,0.7,2,1,0.1,0,5,5,0.95771
0,0.7,2,1,0.1,0,5,50,0.95744
0,0.7,2,1,0.1,0,50,0,0.96057
0,0.7,2,1,0.1,0,50,0.5,0.95928
0,0.7,2,1,0.1,0,50,1,0.95855
0,0.7,2,1,0.1,0,50,5,0.95747
0,0.7,2,1,0.1,0,50,50,0.95744
0,0.9,2,1,0.1,0,0,0,2.0753
0,0.9,2,1,0.1,0,0,0.5,1.1056
0,0.9,2,1,0.1,0,0,1,0.94736
0,0.9,2,1,0.1,0,0,5,0.82941
0,0.9,2,1,0.1,0,0,50,0.82765
0,0.9,2,1,0.1,0,0.5,0,1.4027
0,0.9,2,1,0.1,0,0.5,0.5,1.0006
0,0.9,2,1,0.1,0,0.5,1,0.9044
0,0.9,2,1,0.1,0,0.5,5,0.82877
0,0.9,2,1,0.1,0,0.5,50,0.82765
0,0.9,2,1,0.1,0,1,0,1.1856
0,0.9,2,1,0.1,0,1,0.5,0.95166
0,0.9,2,1,0.1,0,1,1,0.88448
0,0.9,2,1,0.1,0,1,5,0.82851
0,0.9,2,1,0.1,0,1,50,0.82765
0,0.9,2,1,0.1,0,5,0,0.91091
0,0.9,2,1,0.1,0,5,0.5,0.86612
0,0.9,2,1,0.1,0,5,1,0.84764
0,0.9,2,1,0.1,0,5,5,0.82804
0,0.9,2,1,0.1,0,5,50,0.82765
0,0.9,2,1,0.1,0,50,0,0.83494
0,0.9,2,1,0.1,0,50,0.5,0.83168
0,0.9,2,1,0.1,0,50,1,0.82997
0,0.9,2,1,0.1,0,50,5,0.8277
0,0.9,2,1,0.1,0,50,50,0.82765
0,0.1,2,1,0.001,1,0,0,7.2681
0,0.1,2,1,0.001,1,0,0.5,3.9818
0,0.1,2,1,0.001,1,0,1,3.4673
0,0.1,2,1,0.001,1,0,5,3.0642
0,0.1,2,1,0.001,1,0,50,3.054
0,0.1,2,1,0.001,1,0.5,0,4.9743
0,0.1,2,1,0.001,1,0.5,0.5,3.6632
0,0.1,2,1,0.001,1,0.5,1,3.3386
0,0.1,2,1,0.001,1,0.5,5,3.0611
0,0.1,2,1,0.001,1,0.5,50,3.054
0,0.1,2,1,0.001,1,1,0,4.1689
0,0.1,2,1,0.001,1,1,0.5,3.4712
0,0.1,2,1,0.001,1,1,1,3.2561
0,0.1,2,1,0.001,1,1,5,3.0591
0,0.1,2,1,0.001,1,1,50,3.054
0,0.1,2,1,0.001,1,5,0,3.1824
0,0.1,2,1,0.001,1,5,0.5,3.1124
0,0.1,2,1,0.001,1,5,1,3.0838
0,0.1,2,1,0.001,1,5,5,3.0547
0,0.1,2,1,0.001,1,5,50,3.054
0,0.1,2,1,0.001,1,50,0,3.0593
0,0.1,2,1,0.001,1,50,0.5,3.056
0,0.1,2,1,0.001,1,50,1,3.0548
0,0.1,2,1,0.001,1,50,5,3.054
0,0.1,2,1,0.001,1,50,50,3.054
0,0.3,2,1,0.001,1,0,0,7.1826
0,0.3,2,1,0.001,1,0,0.5,3.9222
0,0.3,2,1,0.001,1,0,1,3.4173
0,0.3,2,1,0.001,1,0,5,3.0241
0,0.3,2,1,0.001,1,0,50,3.0142
0,0.3,2,1,0.001,1,0.5,0,4.8012
0,0.3,2,1,0.001,1,0.5,0.5,3.5867
0,0.3,2,1,0.001,1,0.5,1,3.2829
0,0.3,2,1,0.001,1,0.5,5,3.0209
0,0.3,2,1,0.001,1,0.5,50,3.0142
0,0.3,2,1,0.001,1,1,0,4.0203
0,0.3,2,1,0.001,1,1,0.5,3.3959
0,0.3,2,1,0.001,1,1,1,3.2006
0,0.3,2,1,0.001,1,1,5,3.0189
0,0.3,2,1,0.001,1,1,50,3.0142
0,0.3,2,1,0.001,1,5,0,3.121
0,0.3,2,1,0.001,1,5,0.5,3.0633
0,0.3,2,1,0.001,1,5,1,3.0394
0,0.3,2,1,0.001,1,5,5,3.0148
0,0.3,2,1,0.001,1,5,50,3.0142
0,0.3,2,1,0.001,1,50,0,3.0182
0,0.3,2,1,0.001,1,50,0.5,3.0157
0,0.3,2,1,0.001,1,50,1,3.0148
0,0.3,2,1,0.001,1,50,5,3.0142
0,0.3,2,1,0.001,1,50,50,3.0142
0,0.5,2,1,0.001,1,0,0,6.3842
0,0.5,2,1,0.001,1,0,0.5,3.4292
0,0.5,2,1,0.001,1,0,1,2.9908
0,0.5,2,1,0.001,1,0,5,2.6521
0,0.5,2,1,0.001,1,0,50,2.6437
0,0.5,2,1,0.001,1,0.5,0,4.1335
0,0.5,2,1,0.001,1,0.5,0.5,3.1021
0,0.5,2,1,0.001,1,0.5,1,2.8578
0,0.5,2,1,0.001,1,0.5,5,2.6491
0,0.5,2,1,0.001,1,0.5,50,2.6437
0,0.5,2,1,0.001,1,1,0,3.4495
0,0.5,2,1,0.001,1,1,0.5,2.9318
0,0.5,2,1,0.001,1,1,1,2.7829
0,0.5,2,1,0.001,1,1,5,2.6473
0,0.5,2,1,0.001,1,1,50,2.6437
0,0.5,2,1,0.001,1,5,0,2.7005
0,0.5,2,1,0.001,1,5,0.5,2.6685
0,0.5,2,1,0.001,1,5,1,2.6564
0,0.5,2,1,0.001,1,5,5,2.644
0,0.5,2,1,0.001,1,5,50,2.6437
0,0.5,2,1,0.001,1,50,0,2.6449
0,0.5,2,1,0.001,1,50,0.5,2.6442
0,0.5,2,1,0.001,1,50,1,2.6439
0,0.5,2,1,0.001,1,50,5,2.6437
0,0.5,2,1,0.001,1,50,50,2.6437
0,0.7,2,1,0.001,1,0,0,5.5606
0,0.7,2,1,0.001,1,0,0.5,2.9918
0,0.7,2,1,0.001,1,0,1,2.61
0,0.7,2,1,0.001,1,0,5,2.2998
0,0.7,2,1,0.001,1,0,50,2.292
0,0.7,2,1,0.001,1,0.5,0,3.7172
0,0.7,2,1,0.001,1,0.5,0.5,2.7296
0,0.7,2,1,0.001,1,0.5,1,2.4999
0,0.7,2,1,0.001,1,0.5,5,2.2972
0,0.7,2,1,0.001,1,0.5,50,2.292
0,0.7,2,1,0.001,1,1,0,3.1082
0,0.7,2,1,0.001,1,1,0.5,2.5829
0,0.7,2,1,0.001,1,1,1,2.4341
0,0.7,2,1,0.001,1,1,5,2.2956
0,0.7,2,1,0.001,1,1,50,2.292
0,0.7,2,1,0.001,1,5,0,2.3717
0,0.7,2,1,0.001,1,5,0.5,2.3252
0,0.7,2,1,0.001,1,5,1,2.3085
0,0.7,2,1,0.001,1,5,5,2.2923
0,0.7,2,1,0.001,1,5,50,2.292
0,0.7,2,1,0.001,1,50,0,2.2937
0,0.7,2,1,0.001,1,50,0.5,2.2926
0,0.7,2,1,0.001,1,50,1,2.2922
0,0.7,2,1,0.001,1,50,5,2.292
0,0.7,2,1,0.001,1,50,50,2.292
0,0.9,2,1,0.001,1,0,0,5.207
0,0.9,2,1,0.001,1,0,0.5,2.8169
0,0.9,2,1,0.001,1,0,1,2.4577
0,0.9,2,1,0.001,1,0,5,2.1562
0,0.9,2,1,0.001,1,0,50,2.1486
0,0.9,2,1,0.001,1,0.5,0,3.5786
0,0.9,2,1,0.001,1,0.5,0.5,2.5908
0,0.9,2,1,0.001,1,0.5,1,2.3615
0,0.9,2,1,0.001,1,0.5,5,2.1539
0,0.9,2,1,0.001,1,0.5,50,2.1486
0,0.9,2,1,0.001,1,1,0,3.0017
0,0.9,2,1,0.001,1,1,0.5,2.4569
0,0.9,2,1,0.001,1,1,1,2.3009
0,0.9,2,1,0.001,1,1,5,2.1524
0,0.9,2,1,0.001,1,1,50,2.1486
0,0.9,2,1,0.001,1,5,0,2.264
0,0.9,2,1,0.001,1,5,0.5,2.1978
0,0.9,2,1,0.001,1,5,1,2.173
0,0.9,2,1,0.001,1,5,5,2.1491
0,0.9,2,1,0.001,1,5,50,2.1486
0,0.9,2,1,0.001,1,50,0,2.1545
0,0.9,2,1,0.001,1,50,0.5,2.1506
0,0.9,2,1,0.001,1,50,1,2.1493
0,0.9,2,1,0.001,1,50,5,2.1486
0,0.9,2,1,0.001,1,50,50,2.1486
0,0.1,2,1,0.01,1,0,0,7.2495
0,0.1,2,1,0.01,1,0,0.5,3.9722
0,0.1,2,1,0.01,1,0,1,3.459
0,0.1,2,1,0.01,1,0,5,3.0562
0,0.1,2,1,0.01,1,0,50,3.0458
0,0.1,2,1,0.01,1,0.5,0,4.9598
0,0.1,2,1,0.01,1,0.5,0.5,3.654
0,0.1,2,1,0.01,1,0.5,1,3.3303
0,0.1,2,1,0.01,1,0.5,5,3.053
0,0.1,2,1,0.01,1,0.5,50,3.0458
0,0.1,2,1,0.01,1,1,0,4.1568
0,0.1,2,1,0.01,1,1,0.5,3.4623
0,0.1,2,1,0.01,1,1,1,3.2479
0,0.1,2,1,0.01,1,1,5,3.051
0,0.1,2,1,0.01,1,1,50,3.0458
0,0.1,2,1,0.01,1,5,0,3.1739
0,0.1,2,1,0.01,1,5,0.5,3.1042
0,0.1,2,1,0.01,1,5,1,3.0757
0,0.1,2,1,0.01,1,5,5,3.0465
0,0.1,2,1,0.01,1,5,50,3.0458
0,0.1,2,1,0.01,1,50,0,3.0512
0,0.1,2,1,0.01,1,50,0.5,3.0479
0,0.1,2,1,0.01,1,50,1,3.0466
0,0.1,2,1,0.01,1,50,5,3.0458
0,0.1,2,1,0.01,1,50,50,3.0458
0,0.3,2,1,0.01,1,0,0,7.1428
0,0.3,2,1,0.01,1,0,0.5,3.8996
0,0.3,2,1,0.01,1,0,1,3.398
0,0.3,2,1,0.01,1,0,5,3.0063
0,0.3,2,1,0.01,1,0,50,2.9963
0,0.3,2,1,0.01,1,0.5,0,4.7619
0,0.3,2,1,0.01,1,0.5,0.5,3.5632
0,0.3,2,1,0.01,1,0.5,1,3.2631
0,0.3,2,1,0.01,1,0.5,5,3.0031
0,0.3,2,1,0.01,1,0.5,50,2.9963
0,0.3,2,1,0.01,1,1,0,3.9872
0,0.3,2,1,0.01,1,1,0.5,3.3731
0,0.3,2,1,0.01,1,1,1,3.1809
0,0.3,2,1,0.01,1,1,5,3.0011
0,0.3,2,1,0.01,1,1,50,2.9963
0,0.3,2,1,0.01,1,5,0,3.1006
0,0.3,2,1,0.01,1,5,0.5,3.0444
0,0.3,2,1,0.01,1,5,1,3.0211
0,0.3,2,1,0.01,1,5,5,2.9969
0,0.3,2,1,0.01,1,5,50,2.9963
0,0.3,2,1,0.01,1,50,0,3.0005
0,0.3,2,1,0.01,1,50,0.5,2.9979
0,0.3,2,1,0.01,1,50,1,2.9969
0,0.3,2,1,0.01,1,50,5,2.9963
0,0.3,2,1,0.01,1,50,50,2.9963
0,0.5,2,1,0.01,1,0,0,6.3352
0,0.5,2,1,0.01,1,0,0.5,3.4019
0,0.5,2,1,0.01,1,0,1,2.9671
0,0.5,2,1,0.01,1,0,5,2.6299
0,0.5,2,1,0.01,1,0,50,2.6216
0,0.5,2,1,0.01,1,0.5,0,4.098
0,0.5,2,1,0.01,1,0.5,0.5,3.0763
0,0.5,2,1,0.01,1,0.5,1,2.8344
0,0.5,2,1,0.01,1,0.5,5,2.6269
0,0.5,2,1,0.01,1,0.5,50,2.6216
0,0.5,2,1,0.01,1,1,0,3.4199
0,0.5,2,1,0.01,1,1,0.5,2.9072
0,0.5,2,1,0.01,1,1,1,2.7598
0,0.5,2,1,0.01,1,1,5,2.6251
0,0.5,2,1,0.01,1,1,50,2.6216
0,0.5,2,1,0.01,1,5,0,2.6776
0,0.5,2,1,0.01,1,5,0.5,2.646
0,0.5,2,1,0.01,1,5,1,2.634
0,0.5,2,1,0.01,1,5,5,2.6219
0,0.5,2,1,0.01,1,5,50,2.6216
0,0.5,2,1,0.01,1,50,0,2.6228
0,0.5,2,1,0.01,1,50,0.5,2.622
0,0.5,2,1,0.01,1,50,1,2.6217
0,0.5,2,1,0.01,1,50,5,2.6216
0,0.5,2,1,0.01,1,50,50,2.6216
0,0.7,2,1,0.01,1,0,0,5.5304
0,0.7,2,1,0.01,1,0,0.5,2.9765
0,0.7,2,1,0.01,1,0,1,2.5966
0,0.7,2,1,0.01,1,0,5,2.2868
0,0.7,2,1,0.01,1,0,50,2.279
0,0.7,2,1,0.01,1,0.5,0,3.6965
0,0.7,2,1,0.01,1,0.5,0.5,2.7154
0,0.7,2,1,0.01,1,0.5,1,2.4868
0,0.7,2,1,0.01,1,0.5,5,2.2842
0,0.7,2,1,0.01,1,0.5,50,2.279
0,0.7,2,1,0.01,1,1,0,3.0912
0,0.7,2,1,0.01,1,1,0.5,2.5692
0,0.7,2,1,0.01,1,1,1,2.421
0,0.7,2,1,0.01,1,1,5,2.2826
0,0.7,2,1,0.01,1,1,50,2.279
0,0.7,2,1,0.01,1,5,0,2.3588
0,0.7,2,1,0.01,1,5,0.5,2.3122
0,0.7,2,1,0.01,1,5,1,2.2956
0,0.7,2,1,0.01,1,5,5,2.2794
0,0.7,2,1,0.01,1,5,50,2.279
0,0.7,2,1,0.01,1,50,0,2.2808
0,0.7,2,1,0.01,1,50,0.5,2.2796
0,0.7,2,1,0.01,1,50,1,2.2792
0,0.7,2,1,0.01,1,50,5,2.279
0,0.7,2,1,0.01,1,50,50,2.279
0,0.9,2,1,0.01,1,0,0,5.1911
0,0.9,2,1,0.01,1,0,0.5,2.8092
0,0.9,2,1,0.01,1,0,1,2.451
0,0.9,2,1,0.01,1,0,5,2.1497
0,0.9,2,1,0.01,1,0,50,2.142
0,0.9,2,1,0.01,1,0.5,0,3.5661
0,0.9,2,1,0.01,1,0.5,0.5,2.5834
0,0.9,2,1,0.01,1,0.5,1,2.3548
0,0.9,2,1,0.01,1,0.5,5,2.1473
0,0.9,2,1,0.01,1,0.5,50,2.142
0,0.9,2,1,0.01,1,1,0,2.9914
0,0.9,2,1,0.01,1,1,0.5,2.4498
0,0.9,2,1,0.01,1,1,1,2.2943
0,0.9,2,1,0.01,1,1,5,2.1458
0,0.9,2,1,0.01,1,1,50,2.142
0,0.9,2,1,0.01,1,5,0,2.2573
0,0.9,2,1,0.01,1,5,0.5,2.1913
0,0.9,2,1,0.01,1,5,1,2.1664
0,0.9,2,1,0.01,1,5,5,2.1425
0,0.9,2,1,0.01,1,5,50,2.142
0,0.9,2,1,0.01,1,50,0,2.1482
0,0.9,2,1,0.01,1,50,0.5,2.1441
0,0.9,2,1,0.01,1,50,1,2.1428
0,0.9,2,1,0.01,1,50,5,2.142
0,0.9,2,1,0.01,1,50,50,2.142
0,0.1,2,1,0.1,1,0,0,6.7587
0,0.1,2,1,0.1,1,0,0.5,3.707
0,0.1,2,1,0.1,1,0,1,3.2189
0,0.1,2,1,0.1,1,0,5,2.8285
0,0.1,2,1,0.1,1,0,50,2.8188
0,0.1,2,1,0.1,1,0.5,0,4.5968
0,0.1,2,1,0.1,1,0.5,0.5,3.4
0,0.1,2,1,0.1,1,0.5,1,3.0939
0,0.1,2,1,0.1,1,0.5,5,2.8256
0,0.1,2,1,0.1,1,0.5,50,2.8188
0,0.1,2,1,0.1,1,1,0,3.846
0,0.1,2,1,0.1,1,1,0.5,3.2155
0,0.1,2,1,0.1,1,1,1,3.0138
0,0.1,2,1,0.1,1,1,5,2.8237
0,0.1,2,1,0.1,1,1,50,2.8188
0,0.1,2,1,0.1,1,5,0,2.9377
0,0.1,2,1,0.1,1,5,0.5,2.8743
0,0.1,2,1,0.1,1,5,1,2.8476
0,0.1,2,1,0.1,1,5,5,2.8195
0,0.1,2,1,0.1,1,5,50,2.8188
0,0.1,2,1,0.1,1,50,0,2.8239
0,0.1,2,1,0.1,1,50,0.5,2.8208
0,0.1,2,1,0.1,1,50,1,2.8197
0,0.1,2,1,0.1,1,50,5,2.8188
0,0.1,2,1,0.1,1,50,50,2.8188
0,0.3,2,1,0.1,1,0,0,6.6257
0,0.3,2,1,0.1,1,0,0.5,3.6171
0,0.3,2,1,0.1,1,0,1,3.1436
0,0.3,2,1,0.1,1,0,5,2.7678
0,0.3,2,1,0.1,1,0,50,2.7585
0,0.3,2,1,0.1,1,0.5,0,4.3602
0,0.3,2,1,0.1,1,0.5,0.5,3.2876
0,0.3,2,1,0.1,1,0.5,1,3.0107
0,0.3,2,1,0.1,1,0.5,5,2.7648
0,0.3,2,1,0.1,1,0.5,50,2.7585
0,0.3,2,1,0.1,1,1,0,3.6452
0,0.3,2,1,0.1,1,1,0.5,3.1058
0,0.3,2,1,0.1,1,1,1,2.9313
0,0.3,2,1,0.1,1,1,5,2.7629
0,0.3,2,1,0.1,1,1,50,2.7585
0,0.3,2,1,0.1,1,5,0,2.8491
0,0.3,2,1,0.1,1,5,0.5,2.8013
0,0.3,2,1,0.1,1,5,1,2.7809
0,0.3,2,1,0.1,1,5,5,2.759
0,0.3,2,1,0.1,1,5,50,2.7585
0,0.3,2,1,0.1,1,50,0,2.7621
0,0.3,2,1,0.1,1,50,0.5,2.7599
0,0.3,2,1,0.1,1,50,1,2.7591
0,0.3,2,1,0.1,1,50,5,2.7585
0,0.3,2,1,0.1,1,50,50,2.7585
0,0.5,2,1,0.1,1,0,0,5.8533
0,0.5,2,1,0.1,1,0,0.5,3.149
0,0.5,2,1,0.1,1,0,1,2.7402
0,0.5,2,1,0.1,1,0,5,2.4171
0,0.5,2,1,0.1,1,0,50,2.4092
0,0.5,2,1,0.1,1,0.5,0,3.7698
0,0.5,2,1,0.1,1,0.5,0.5,2.8389
0,0.5,2,1,0.1,1,0.5,1,2.6125
0,0.5,2,1,0.1,1,0.5,5,2.4142
0,0.5,2,1,0.1,1,0.5,50,2.4092
0,0.5,2,1,0.1,1,1,0,3.1435
0,0.5,2,1,0.1,1,1,0.5,2.6786
0,0.5,2,1,0.1,1,1,1,2.541
0,0.5,2,1,0.1,1,1,5,2.4125
0,0.5,2,1,0.1,1,1,50,2.4092
0,0.5,2,1,0.1,1,5,0,2.4605
0,0.5,2,1,0.1,1,5,0.5,2.432
0,0.5,2,1,0.1,1,5,1,2.4209
0,0.5,2,1,0.1,1,5,5,2.4095
0,0.5,2,1,0.1,1,5,50,2.4092
0,0.5,2,1,0.1,1,50,0,2.4103
0,0.5,2,1,0.1,1,50,0.5,2.4096
0,0.5,2,1,0.1,1,50,1,2.4094
0,0.5,2,1,0.1,1,50,5,2.4092
0,0.5,2,1,0.1,1,50,50,2.4092
0,0.7,2,1,0.1,1,0,0,5.1746
0,0.7,2,1,0.1,1,0,0.5,2.7948
0,0.7,2,1,0.1,1,0,1,2.4334
0,0.7,2,1,0.1,1,0,5,2.1336
0,0.7,2,1,0.1,1,0,50,2.1261
0,0.7,2,1,0.1,1,0.5,0,3.4545
0,0.7,2,1,0.1,1,0.5,0.5,2.5454
0,0.7,2,1,0.1,1,0.5,1,2.3277
0,0.7,2,1,0.1,1,0.5,5,2.1311
0,0.7,2,1,0.1,1,0.5,50,2.1261
0,0.7,2,1,0.1,1,1,0,2.8872
0,0.7,2,1,0.1,1,1,0.5,2.4055
0,0.7,2,1,0.1,1,1,1,2.2643
0,0.7,2,1,0.1,1,1,5,2.1296
0,0.7,2,1,0.1,1,1,50,2.1261
0,0.7,2,1,0.1,1,5,0,2.2023
0,0.7,2,1,0.1,1,5,0.5,2.1588
0,0.7,2,1,0.1,1,5,1,2.1426
0,0.7,2,1,0.1,1,5,5,2.1265
0,0.7,2,1,0.1,1,5,50,2.1261
0,0.7,2,1,0.1,1,50,0,2.1279
0,0.7,2,1,0.1,1,50,0.5,2.1268
0,0.7,2,1,0.1,1,50,1,2.1264
0,0.7,2,1,0.1,1,50,5,2.1261
0,0.7,2,1,0.1,1,50,50,2.1261
0,0.9,2,1,0.1,1,0,0,4.9098
0,0.9,2,1,0.1,1,0,0.5,2.6643
0,0.9,2,1,0.1,1,0,1,2.3208
0,0.9,2,1,0.1,1,0,5,2.0283
0,0.9,2,1,0.1,1,0,50,2.0209
0,0.9,2,1,0.1,1,0.5,0,3.3624
0,0.9,2,1,0.1,1,0.5,0.5,2.446
0,0.9,2,1,0.1,1,0.5,1,2.2274
0,0.9,2,1,0.1,1,0.5,5,2.0261
0,0.9,2,1,0.1,1,0.5,50,2.0209
0,0.9,2,1,0.1,1,1,0,2.8179
0,0.9,2,1,0.1,1,1,0.5,2.3168
0,0.9,2,1,0.1,1,1,1,2.1686
0,0.9,2,1,0.1,1,1,5,2.0246
0,0.9,2,1,0.1,1,1,50,2.0209
0,0.9,2,1,0.1,1,5,0,2.1284
0,0.9,2,1,0.1,1,5,0.5,2.0683
0,0.9,2,1,0.1,1,5,1,2.0448
0,0.9,2,1,0.1,1,5,5,2.0215
0,0.9,2,1,0.1,1,5,50,2.0209
0,0.9,2,1,0.1,1,50,0,2.027
0,0.9,2,1,0.1,1,50,0.5,2.0231
0,0.9,2,1,0.1,1,50,1,2.0218
0,0.9,2,1,0.1,1,50,5,2.0209
0,0.9,2,1,0.1,1,50,50,2.0209
1,0.1,1,1,0.001,0,0,0,5.846
1,0.1,1,1,0.001,0,0,0.5,3.227
1,0.1,1,1,0.001,0,0,1,2.7814
1,0.1,1,1,0.001,0,0,5,2.4586
1,0.1,1,1,0.001,0,0,50,2.4544
1,0.1,1,1,0.001,0,0.5,0,3.231
1,0.1,1,1,0.001,0,0.5,0.5,2.7503
1,0.1,1,1,0.001,0,0.5,1,2.5951
1,0.1,1,1,0.001,0,0.5,5,2.4566
1,0.1,1,1,0.001,0,0.5,50,2.4544
1,0.1,1,1,0.001,0,1,0,2.7835
1,0.1,1,1,0.001,0,1,0.5,2.5954
1,0.1,1,1,0.001,0,1,1,2.5251
1,0.1,1,1,0.001,0,1,5,2.4557
1,0.1,1,1,0.001,0,1,50,2.4544
1,0.1,1,1,0.001,0,5,0,2.4587
1,0.1,1,1,0.001,0,5,0.5,2.4566
1,0.1,1,1,0.001,0,5,1,2.4557
1,0.1,1,1,0.001,0,5,5,2.4544
1,0.1,1,1,0.001,0,5,50,2.4544
1,0.1,1,1,0.001,0,50,0,2.4544
1,0.1,1,1,0.001,0,50,0.5,2.4544
1,0.1,1,1,0.001,0,50,1,2.4544
1,0.1,1,1,0.001,0,50,5,2.4544
1,0.1,1,1,0.001,0,50,50,2.4544
1,0.3,1,1,0.001,0,0,0,5.6517
1,0.3,1,1,0.001,0,0,0.5,3.0821
1,0.3,1,1,0.001,0,0,1,2.6589
1,0.3,1,1,0.001,0,0,5,2.3572
1,0.3,1,1,0.001,0,0,50,2.3532
1,0.3,1,1,0.001,0,0.5,0,3.115
1,0.3,1,1,0.001,0,0.5,0.5,2.6367
1,0.3,1,1,0.001,0,0.5,1,2.4869
1,0.3,1,1,0.001,0,0.5,5,2.3554
1,0.3,1,1,0.001,0,0.5,50,2.3532
1,0.3,1,1,0.001,0,1,0,2.6779
1,0.3,1,1,0.001,0,1,0.5,2.4896
1,0.3,1,1,0.001,0,1,1,2.4211
1,0.3,1,1,0.001,0,1,5,2.3544
1,0.3,1,1,0.001,0,1,50,2.3532
1,0.3,1,1,0.001,0,5,0,2.3575
1,0.3,1,1,0.001,0,5,0.5,2.3555
1,0.3,1,1,0.001,0,5,1,2.3545
1,0.3,1,1,0.001,0,5,5,2.3532
1,0.3,1,1,0.001,0,5,50,2.3532
1,0.3,1,1,0.001,0,50,0,2.3532
1,0.3,1,1,0.001,0,50,0.5,2.3532
1,0.3,1,1,0.001,0,50,1,2.3532
1,0.3,1,1,0.001,0,50,5,2.3532
1,0.3,1,1,0.001,0,50,50,2.3532
1,0.5,1,1,0.001,0,0,0,5.3597
1,0.5,1,1,0.001,0,0,0.5,2.8822
1,0.5,1,1,0.001,0,0,1,2.486
1,0.5,1,1,0.001,0,0,5,2.2085
1,0.5,1,1,0.001,0,0,50,2.2048
1,0.5,1,1,0.001,0,0.5,0,2.9481
1,0.5,1,1,0.001,0,0.5,0.5,2.474
1,0.5,1,1,0.001,0,0.5,1,2.3303
1,0.5,1,1,0.001,0,0.5,5,2.2068
1,0.5,1,1,0.001,0,0.5,50,2.2048
1,0.5,1,1,0.001,0,1,0,2.5276
1,0.5,1,1,0.001,0,1,0.5,2.3365
1,0.5,1,1,0.001,0,1,1,2.2695
1,0.5,1,1,0.001,0,1,5,2.206
1,0.5,1,1,0.001,0,1,50,2.2048
1,0.5,1,1,0.001,0,5,0,2.2093
1,0.5,1,1,0.001,0,5,0.5,2.2071
1,0.5,1,1,0.001,0,5,1,2.2061
1,0.5,1,1,0.001,0,5,5,2.2049
1,0.5,1,1,0.001,0,5,50,2.2048
1,0.5,1,1,0.001,0,50,0,2.2048
1,0.5,1,1,0.001,0,50,0.5,2.2048
1,0.5,1,1,0.001,0,50,1,2.2048
1,0.5,1,1,0.001,0,50,5,2.2048
1,0.5,1,1,0.001,0,50,50,2.2048
1,0.7,1,1,0.001,0,0,0,5.0973
1,0.7,1,1,0.001,0,0,0.5,2.7166
1,0.7,1,1,0.001,0,0,1,2.3403
1,0.7,1,1,0.001,0,0,5,2.0788
1,0.7,1,1,0.001,0,0,50,2.0754
1,0.7,1,1,0.001,0,0.5,0,2.8033
1,0.7,1,1,0.001,0,0.5,0.5,2.3358
1,0.7,1,1,0.001,0,0.5,1,2.1957
1,0.7,1,1,0.001,0,0.5,5,2.0772
1,0.7,1,1,0.001,0,0.5,50,2.0754
1,0.7,1,1,0.001,0,1,0,2.3987
1,0.7,1,1,0.001,0,1,0.5,2.2049
1,0.7,1,1,0.001,0,1,1,2.1382
1,0.7,1,1,0.001,0,1,5,2.0764
1,0.7,1,1,0.001,0,1,50,2.0754
1,0.7,1,1,0.001,0,5,0,2.0802
1,0.7,1,1,0.001,0,5,0.5,2.0777
1,0.7,1,1,0.001,0,5,1,2.0766
1,0.7,1,1,0.001,0,5,5,2.0754
1,0.7,1,1,0.001,0,5,50,2.0754
1,0.7,1,1,0.001,0,50,0,2.0754
1,0.7,1,1,0.001,0,50,0.5,2.0754
1,0.7,1,1,0.001,0,50,1,2.0754
1,0.7,1,1,0.001,0,50,5,2.0754
1,0.7,1,1,0.001,0,50,50,2.0754
1,0.9,1,1,0.001,0,0,0,4.9458
1,0.9,1,1,0.001,0,0,0.5,2.627
1,0.9,1,1,0.001,0,0,1,2.2602
1,0.9,1,1,0.001,0,0,5,2.0054
1,0.9,1,1,0.001,0,0,50,2.002
1,0.9,1,1,0.001,0,0.5,0,2.7212
1,0.9,1,1,0.001,0,0.5,0.5,2.2597
1,0.9,1,1,0.001,0,0.5,1,2.1207
1,0.9,1,1,0.001,0,0.5,5,2.0038
1,0.9,1,1,0.001,0,0.5,50,2.002
1,0.9,1,1,0.001,0,1,0,2.3262
1,0.9,1,1,0.001,0,1,0.5,2.1318
1,0.9,1,1,0.001,0,1,1,2.0646
1,0.9,1,1,0.001,0,1,5,2.0031
1,0.9,1,1,0.001,0,1,50,2.002
1,0.9,1,1,0.001,0,5,0,2.0074
1,0.9,1,1,0.001,0,5,0.5,2.0045
1,0.9,1,1,0.001,0,5,1,2.0033
1,0.9,1,1,0.001,0,5,5,2.002
1,0.9,1,1,0.001,0,5,50,2.002
1,0.9,1,1,0.001,0,50,0,2.002
1,0.9,1,1,0.001,0,50,0.5,2.002
1,0.9,1,1,0.001,0,50,1,2.002
1,0.9,1,1,0.001,0,50,5,2.002
1,0.9,1,1,0.001,0,50,50,2.002
1,0.1,1,1,0.01,0,0,0,5.8371
1,0.1,1,1,0.01,0,0,0.5,3.2204
1,0.1,1,1,0.01,0,0,1,2.7759
1,0.1,1,1,0.01,0,0,5,2.4541
1,0.1,1,1,0.01,0,0,50,2.4498
1,0.1,1,1,0.01,0,0.5,0,3.2256
1,0.1,1,1,0.01,0,0.5,0.5,2.7452
1,0.1,1,1,0.01,0,0.5,1,2.5902
1,0.1,1,1,0.01,0,0.5,5,2.452
1,0.1,1,1,0.01,0,0.5,50,2.4498
1,0.1,1,1,0.01,0,1,0,2.7786
1,0.1,1,1,0.01,0,1,0.5,2.5906
1,0.1,1,1,0.01,0,1,1,2.5204
1,0.1,1,1,0.01,0,1,5,2.4511
1,0.1,1,1,0.01,0,1,50,2.4498
1,0.1,1,1,0.01,0,5,0,2.4541
1,0.1,1,1,0.01,0,5,0.5,2.4521
1,0.1,1,1,0.01,0,5,1,2.4511
1,0.1,1,1,0.01,0,5,5,2.4498
1,0.1,1,1,0.01,0,5,50,2.4498
1,0.1,1,1,0.01,0,50,0,2.4498
1,0.1,1,1,0.01,0,50,0.5,2.4498
1,0.1,1,1,0.01,0,50,1,2.4498
1,0.1,1,1,0.01,0,50,5,2.4498
1,0.1,1,1,0.01,0,50,50,2.4498
1,0.3,1,1,0.01,0,0,0,5.6303
1,0.3,1,1,0.01,0,0,0.5,3.0671
1,0.3,1,1,0.01,0,0,1,2.646
1,0.3,1,1,0.01,0,0,5,2.3462
1,0.3,1,1,0.01,0,0,50,2.3422
1,0.3,1,1,0.01,0,0.5,0,3.1023
1,0.3,1,1,0.01,0,0.5,0.5,2.6245
1,0.3,1,1,0.01,0,0.5,1,2.4752
1,0.3,1,1,0.01,0,0.5,5,2.3443
1,0.3,1,1,0.01,0,0.5,50,2.3422
1,0.3,1,1,0.01,0,1,0,2.6665
1,0.3,1,1,0.01,0,1,0.5,2.4781
1,0.3,1,1,0.01,0,1,1,2.4098
1,0.3,1,1,0.01,0,1,5,2.3434
1,0.3,1,1,0.01,0,1,50,2.3422
1,0.3,1,1,0.01,0,5,0,2.3465
1,0.3,1,1,0.01,0,5,0.5,2.3444
1,0.3,1,1,0.01,0,5,1,2.3435
1,0.3,1,1,0.01,0,5,5,2.3422
1,0.3,1,1,0.01,0,5,50,2.3422
1,0.3,1,1,0.01,0,50,0,2.3422
1,0.3,1,1,0.01,0,50,0.5,2.3422
1,0.3,1,1,0.01,0,50,1,2.3422
1,0.3,1,1,0.01,0,50,5,2.3422
1,0.3,1,1,0.01,0,50,50,2.3422
1,0.5,1,1,0.01,0,0,0,5.3341
1,0.5,1,1,0.01,0,0,0.5,2.866
1,0.5,1,1,0.01,0,0,1,2.4716
1,0.5,1,1,0.01,0,0,5,2.1958
1,0.5,1,1,0.01,0,0,50,2.1921
1,0.5,1,1,0.01,0,0.5,0,2.9334
1,0.5,1,1,0.01,0,0.5,0.5,2.4603
1,0.5,1,1,0.01,0,0.5,1,2.317
1,0.5,1,1,0.01,0,0.5,5,2.1941
1,0.5,1,1,0.01,0,0.5,50,2.1921
1,0.5,1,1,0.01,0,1,0,2.5145
1,0.5,1,1,0.01,0,1,0.5,2.3234
1,0.5,1,1,0.01,0,1,1,2.2565
1,0.5,1,1,0.01,0,1,5,2.1932
1,0.5,1,1,0.01,0,1,50,2.1921
1,0.5,1,1,0.01,0,5,0,2.1965
1,0.5,1,1,0.01,0,5,0.5,2.1943
1,0.5,1,1,0.01,0,5,1,2.1933
1,0.5,1,1,0.01,0,5,5,2.1921
1,0.5,1,1,0.01,0,5,50,2.1921
1,0.5,1,1,0.01,0,50,0,2.1921
1,0.5,1,1,0.01,0,50,0.5,2.1921
1,0.5,1,1,0.01,0,50,1,2.1921
1,0.5,1,1,0.01,0,50,5,2.1921
1,0.5,1,1,0.01,0,50,50,2.1921
1,0.7,1,1,0.01,0,0,0,5.0757
1,0.7,1,1,0.01,0,0,0.5,2.7039
1,0.7,1,1,0.01,0,0,1,2.3289
1,0.7,1,1,0.01,0,0,5,2.0684
1,0.7,1,1,0.01,0,0,50,2.0649
1,0.7,1,1,0.01,0,0.5,0,2.791
1,0.7,1,1,0.01,0,0.5,0.5,2.3248
1,0.7,1,1,0.01,0,0.5,1,2.185
1,0.7,1,1,0.01,0,0.5,5,2.0668
1,0.7,1,1,0.01,0,0.5,50,2.0649
1,0.7,1,1,0.01,0,1,0,2.3879
1,0.7,1,1,0.01,0,1,0.5,2.1944
1,0.7,1,1,0.01,0,1,1,2.1277
1,0.7,1,1,0.01,0,1,5,2.066
1,0.7,1,1,0.01,0,1,50,2.0649
1,0.7,1,1,0.01,0,5,0,2.0698
1,0.7,1,1,0.01,0,5,0.5,2.0673
1,0.7,1,1,0.01,0,5,1,2.0662
1,0.7,1,1,0.01,0,5,5,2.065
1,0.7,1,1,0.01,0,5,50,2.0649
1,0.7,1,1,0.01,0,50,0,2.0649
1,0.7,1,1,0.01,0,50,0.5,2.0649
1,0.7,1,1,0.01,0,50,1,2.0649
1,0.7,1,1,0.01,0,50,5,2.0649
1,0.7,1,1,0.01,0,50,50,2.0649
1,0.9,1,1,0.01,0,0,0,4.9326
1,0.9,1,1,0.01,0,0,0.5,2.6199
1,0.9,1,1,0.01,0,0,1,2.2536
1,0.9,1,1,0.01,0,0,5,1.9992
1,0.9,1,1,0.01,0,0,50,1.9959
1,0.9,1,1,0.01,0,0.5,0,2.7137
1,0.9,1,1,0.01,0,0.5,0.5,2.2533
1,0.9,1,1,0.01,0,0.5,1,2.1144
1,0.9,1,1,0.01,0,0.5,5,1.9977
1,0.9,1,1,0.01,0,0.5,50,1.9959
1,0.9,1,1,0.01,0,1,0,2.3196
1,0.9,1,1,0.01,0,1,0.5,2.1256
1,0.9,1,1,0.01,0,1,1,2.0584
1,0.9,1,1,0.01,0,1,5,1.9969
1,0.9,1,1,0.01,0,1,50,1.9959
1,0.9,1,1,0.01,0,5,0,2.0013
1,0.9,1,1,0.01,0,5,0.5,1.9983
1,0.9,1,1,0.01,0,5,1,1.9972
1,0.9,1,1,0.01,0,5,5,1.9959
1,0.9,1,1,0.01,0,5,50,1.9959
1,0.9,1,1,0.01,0,50,0,1.9959
1,0.9,1,1,0.01,0,50,0.5,1.9959
1,0.9,1,1,0.01,0,50,1,1.9959
1,0.9,1,1,0.01,0,50,5,1.9959
1,0.9,1,1,0.01,0,50,50,1.9959
1,0.1,1,1,0.1,0,0,0,5.6327
1,0.1,1,1,0.1,0,0,0.5,3.102
1,0.1,1,1,0.1,0,0,1,2.6719
1,0.1,1,1,0.1,0,0,5,2.3598
1,0.1,1,1,0.1,0,0,50,2.3556
1,0.1,1,1,0.1,0,0.5,0,3.1092
1,0.1,1,1,0.1,0,0.5,0.5,2.642
1,0.1,1,1,0.1,0,0.5,1,2.4915
1,0.1,1,1,0.1,0,0.5,5,2.3577
1,0.1,1,1,0.1,0,0.5,50,2.3556
1,0.1,1,1,0.1,0,1,0,2.6758
1,0.1,1,1,0.1,0,1,0.5,2.4921
1,0.1,1,1,0.1,0,1,1,2.4237
1,0.1,1,1,0.1,0,1,5,2.3568
1,0.1,1,1,0.1,0,1,50,2.3556
1,0.1,1,1,0.1,0,5,0,2.3598
1,0.1,1,1,0.1,0,5,0.5,2.3577
1,0.1,1,1,0.1,0,5,1,2.3568
1,0.1,1,1,0.1,0,5,5,2.3556
1,0.1,1,1,0.1,0,5,50,2.3556
1,0.1,1,1,0.1,0,50,0,2.3556
1,0.1,1,1,0.1,0,50,0.5,2.3556
1,0.1,1,1,0.1,0,50,1,2.3556
1,0.1,1,1,0.1,0,50,5,2.3556
1,0.1,1,1,0.1,0,50,50,2.3556
1,0.3,1,1,0.1,0,0,0,5.3804
1,0.3,1,1,0.1,0,0,0.5,2.9218
1,0.3,1,1,0.1,0,0,1,2.5178
1,0.3,1,1,0.1,0,0,5,2.2308
1,0.3,1,1,0.1,0,0,50,2.227
1,0.3,1,1,0.1,0,0.5,0,2.9602
1,0.3,1,1,0.1,0,0.5,0.5,2.4985
1,0.3,1,1,0.1,0,0.5,1,2.3545
1,0.3,1,1,0.1,0,0.5,5,2.229
1,0.3,1,1,0.1,0,0.5,50,2.227
1,0.3,1,1,0.1,0,1,0,2.5412
1,0.3,1,1,0.1,0,1,0.5,2.3579
1,0.3,1,1,0.1,0,1,1,2.2917
1,0.3,1,1,0.1,0,1,5,2.2281
1,0.3,1,1,0.1,0,1,50,2.227
1,0.3,1,1,0.1,0,5,0,2.2312
1,0.3,1,1,0.1,0,5,0.5,2.2291
1,0.3,1,1,0.1,0,5,1,2.2282
1,0.3,1,1,0.1,0,5,5,2.227
1,0.3,1,1,0.1,0,5,50,2.227
1,0.3,1,1,0.1,0,50,0,2.227
1,0.3,1,1,0.1,0,50,0.5,2.227
1,0.3,1,1,0.1,0,50,1,2.227
1,0.3,1,1,0.1,0,50,5,2.227
1,0.3,1,1,0.1,0,50,50,2.227
1,0.5,1,1,0.1,0,0,0,5.0734
1,0.5,1,1,0.1,0,0,0.5,2.7193
1,0.5,1,1,0.1,0,0,1,2.3418
1,0.5,1,1,0.1,0,0,5,2.0777
1,0.5,1,1,0.1,0,0,50,2.0742
1,0.5,1,1,0.1,0,0.5,0,2.7867
1,0.5,1,1,0.1,0,0.5,0.5,2.3324
1,0.5,1,1,0.1,0,0.5,1,2.1941
1,0.5,1,1,0.1,0,0.5,5,2.076
1,0.5,1,1,0.1,0,0.5,50,2.0742
1,0.5,1,1,0.1,0,1,0,2.3858
1,0.5,1,1,0.1,0,1,0.5,2.201
1,0.5,1,1,0.1,0,1,1,2.1361
1,0.5,1,1,0.1,0,1,5,2.0752
1,0.5,1,1,0.1,0,1,50,2.0742
1,0.5,1,1,0.1,0,5,0,2.0785
1,0.5,1,1,0.1,0,5,0.5,2.0763
1,0.5,1,1,0.1,0,5,1,2.0754
1,0.5,1,1,0.1,0,5,5,2.0742
1,0.5,1,1,0.1,0,5,50,2.0742
1,0.5,1,1,0.1,0,50,0,2.0742
1,0.5,1,1,0.1,0,50,0.5,2.0742
1,0.5,1,1,0.1,0,50,1,2.0742
1,0.5,1,1,0.1,0,50,5,2.0742
1,0.5,1,1,0.1,0,50,50,2.0742
1,0.7,1,1,0.1,0,0,0,4.8338
1,0.7,1,1,0.1,0,0,0.5,2.5717
1,0.7,1,1,0.1,0,0,1,2.212
1,0.7,1,1,0.1,0,0,5,1.9611
1,0.7,1,1,0.1,0,0,50,1.9578
1,0.7,1,1,0.1,0,0.5,0,2.6557
1,0.7,1,1,0.1,0,0.5,0.5,2.2089
1,0.7,1,1,0.1,0,0.5,1,2.0738
1,0.7,1,1,0.1,0,0.5,5,1.9596
1,0.7,1,1,0.1,0,0.5,50,1.9578
1,0.7,1,1,0.1,0,1,0,2.2697
1,0.7,1,1,0.1,0,1,0.5,2.0834
1,0.7,1,1,0.1,0,1,1,2.0186
1,0.7,1,1,0.1,0,1,5,1.9588
1,0.7,1,1,0.1,0,1,50,1.9578
1,0.7,1,1,0.1,0,5,0,1.9626
1,0.7,1,1,0.1,0,5,0.5,1.9601
1,0.7,1,1,0.1,0,5,1,1.959
1,0.7,1,1,0.1,0,5,5,1.9578
1,0.7,1,1,0.1,0,5,50,1.9578
1,0.7,1,1,0.1,0,50,0,1.9578
1,0.7,1,1,0.1,0,50,0.5,1.9578
1,0.7,1,1,0.1,0,50,1,1.9578
1,0.7,1,1,0.1,0,50,5,1.9578
1,0.7,1,1,0.1,0,50,50,1.9578
1,0.9,1,1,0.1,0,0,0,4.7186
1,0.9,1,1,0.1,0,0,0.5,2.5041
1,0.9,1,1,0.1,0,0,1,2.1519
1,0.9,1,1,0.1,0,0,5,1.9058
1,0.9,1,1,0.1,0,0,50,1.9025
1,0.9,1,1,0.1,0,0.5,0,2.594
1,0.9,1,1,0.1,0,0.5,0.5,2.1518
1,0.9,1,1,0.1,0,0.5,1,2.0176
1,0.9,1,1,0.1,0,0.5,5,1.9043
1,0.9,1,1,0.1,0,0.5,50,1.9025
1,0.9,1,1,0.1,0,1,0,2.2152
1,0.9,1,1,0.1,0,1,0.5,2.0285
1,0.9,1,1,0.1,0,1,1,1.9633
1,0.9,1,1,0.1,0,1,5,1.9035
1,0.9,1,1,0.1,0,1,50,1.9025
1,0.9,1,1,0.1,0,5,0,1.9078
1,0.9,1,1,0.1,0,5,0.5,1.9049
1,0.9,1,1,0.1,0,5,1,1.9038
1,0.9,1,1,0.1,0,5,5,1.9025
1,0.9,1,1,0.1,0,5,50,1.9025
1,0.9,1,1,0.1,0,50,0,1.9025
1,0.9,1,1,0.1,0,50,0.5,1.9025
1,0.9,1,1,0.1,0,50,1,1.9025
1,0.9,1,1,0.1,0,50,5,1.9025
1,0.9,1,1,0.1,0,50,50,1.9025
1,0.1,2,1,0.001,0,0,0,3.6168
1,0.1,2,1,0.001,0,0,0.5,1.9745
1,0.1,2,1,0.001,0,0,1,1.7031
1,0.1,2,1,0.001,0,0,5,1.5191
1,0.1,2,1,0.001,0,0,50,1.5171
1,0.1,2,1,0.001,0,0.5,0,1.9755
1,0.1,2,1,0.001,0,0.5,0.5,1.6833
1,0.1,2,1,0.001,0,0.5,1,1.5927
1,0.1,2,1,0.001,0,0.5,5,1.5181
1,0.1,2,1,0.001,0,0.5,50,1.5171
1,0.1,2,1,0.001,0,1,0,1.7031
1,0.1,2,1,0.001,0,1,0.5,1.5926
1,0.1,2,1,0.001,0,1,1,1.5533
1,0.1,2,1,0.001,0,1,5,1.5177
1,0.1,2,1,0.001,0,1,50,1.5171
1,0.1,2,1,0.001,0,5,0,1.5191
1,0.1,2,1,0.001,0,5,0.5,1.5181
1,0.1,2,1,0.001,0,5,1,1.5177
1,0.1,2,1,0.001,0,5,5,1.5171
1,0.1,2,1,0.001,0,5,50,1.5171
1,0.1,2,1,0.001,0,50,0,1.5171
1,0.1,2,1,0.001,0,50,0.5,1.5171
1,0.1,2,1,0.001,0,50,1,1.5171
1,0.1,2,1,0.001,0,50,5,1.5171
1,0.1,2,1,0.001,0,50,50,1.5171
1,0.3,2,1,0.001,0,0,0,3.209
1,0.3,2,1,0.001,0,0,0.5,1.7176
1,0.3,2,1,0.001,0,0,1,1.483
1,0.3,2,1,0.001,0,0,5,1.3274
1,0.3,2,1,0.001,0,0,50,1.3256
1,0.3,2,1,0.001,0,0.5,0,1.7438
1,0.3,2,1,0.001,0,0.5,0.5,1.472
1,0.3,2,1,0.001,0,0.5,1,1.3917
1,0.3,2,1,0.001,0,0.5,5,1.3266
1,0.3,2,1,0.001,0,0.5,50,1.3256
1,0.3,2,1,0.001,0,1,0,1.4973
1,0.3,2,1,0.001,0,1,0.5,1.3932
1,0.3,2,1,0.001,0,1,1,1.3578
1,0.3,2,1,0.001,0,1,5,1.3262
1,0.3,2,1,0.001,0,1,50,1.3256
1,0.3,2,1,0.001,0,5,0,1.3274
1,0.3,2,1,0.001,0,5,0.5,1.3265
1,0.3,2,1,0.001,0,5,1,1.3261
1,0.3,2,1,0.001,0,5,5,1.3257
1,0.3,2,1,0.001,0,5,50,1.3256
1,0.3,2,1,0.001,0,50,0,1.3256
1,0.3,2,1,0.001,0,50,0.5,1.3256
1,0.3,2,1,0.001,0,50,1,1.3256
1,0.3,2,1,0.001,0,50,5,1.3256
1,0.3,2,1,0.001,0,50,50,1.3256
1,0.5,2,1,0.001,0,0,0,2.7112
1,0.5,2,1,0.001,0,0,0.5,1.4341
1,0.5,2,1,0.001,0,0,1,1.2363
1,0.5,2,1,0.001,0,0,5,1.103
1,0.5,2,1,0.001,0,0,50,1.1013
1,0.5,2,1,0.001,0,0.5,0,1.478
1,0.5,2,1,0.001,0,0.5,0.5,1.2323
1,0.5,2,1,0.001,0,0.5,1,1.1607
1,0.5,2,1,0.001,0,0.5,5,1.1022
1,0.5,2,1,0.001,0,0.5,50,1.1013
1,0.5,2,1,0.001,0,1,0,1.2639
1,0.5,2,1,0.001,0,1,0.5,1.1644
1,0.5,2,1,0.001,0,1,1,1.1314
1,0.5,2,1,0.001,0,1,5,1.1018
1,0.5,2,1,0.001,0,1,50,1.1013
1,0.5,2,1,0.001,0,5,0,1.1032
1,0.5,2,1,0.001,0,5,0.5,1.1022
1,0.5,2,1,0.001,0,5,1,1.1018
1,0.5,2,1,0.001,0,5,5,1.1013
1,0.5,2,1,0.001,0,5,50,1.1013
1,0.5,2,1,0.001,0,50,0,1.1013
1,0.5,2,1,0.001,0,50,0.5,1.1013
1,0.5,2,1,0.001,0,50,1,1.1013
1,0.5,2,1,0.001,0,50,5,1.1013
1,0.5,2,1,0.001,0,50,50,1.1013
1,0.7,2,1,0.001,0,0,0,2.341
1,0.7,2,1,0.001,0,0,0.5,1.2375
1,0.7,2,1,0.001,0,0,1,1.0641
1,0.7,2,1,0.001,0,0,5,0.94194
1,0.7,2,1,0.001,0,0,50,0.94024
1,0.7,2,1,0.001,0,0.5,0,1.2876
1,0.7,2,1,0.001,0,0.5,0.5,1.0644
1,0.7,2,1,0.001,0,0.5,1,0.99786
1,0.7,2,1,0.001,0,0.5,5,0.94117
1,0.7,2,1,0.001,0,0.5,50,0.94024
1,0.7,2,1,0.001,0,1,0,1.0984
1,0.7,2,1,0.001,0,1,0.5,1.003
1,0.7,2,1,0.001,0,1,1,0.9707
1,0.7,2,1,0.001,0,1,5,0.94078
1,0.7,2,1,0.001,0,1,50,0.94024
1,0.7,2,1,0.001,0,5,0,0.94262
1,0.7,2,1,0.001,0,5,0.5,0.94136
1,0.7,2,1,0.001,0,5,1,0.94084
1,0.7,2,1,0.001,0,5,5,0.94025
1,0.7,2,1,0.001,0,5,50,0.94024
1,0.7,2,1,0.001,0,50,0,0.94024
1,0.7,2,1,0.001,0,50,0.5,0.94024
1,0.7,2,1,0.001,0,50,1,0.94024
1,0.7,2,1,0.001,0,50,5,0.94024
1,0.7,2,1,0.001,0,50,50,0.94024
1,0.9,2,1,0.001,0,0,0,2.148
1,0.9,2,1,0.001,0,0,0.5,1.1402
1,0.9,2,1,0.001,0,0,1,0.97808
1,0.9,2,1,0.001,0,0,5,0.85918
1,0.9,2,1,0.001,0,0,50,0.85744
1,0.9,2,1,0.001,0,0.5,0,1.1892
1,0.9,2,1,0.001,0,0.5,0.5,0.98038
1,0.9,2,1,0.001,0,0.5,1,0.91574
1,0.9,2,1,0.001,0,0.5,5,0.85841
1,0.9,2,1,0.001,0,0.5,50,0.85744
1,0.9,2,1,0.001,0,1,0,1.0134
1,0.9,2,1,0.001,0,1,0.5,0.92178
1,0.9,2,1,0.001,0,1,1,0.88921
1,0.9,2,1,0.001,0,1,5,0.85801
1,0.9,2,1,0.001,0,1,50,0.85744
1,0.9,2,1,0.001,0,5,0,0.8604
1,0.9,2,1,0.001,0,5,0.5,0.8588
1,0.9,2,1,0.001,0,5,1,0.85816
1,0.9,2,1,0.001,0,5,5,0.85745
1,0.9,2,1,0.001,0,5,50,0.85744
1,0.9,2,1,0.001,0,50,0,0.85744
1,0.9,2,1,0.001,0,50,0.5,0.85744
1,0.9,2,1,0.001,0,50,1,0.85744
1,0.9,2,1,0.001,0,50,5,0.85744
1,0.9,2,1,0.001,0,50,50,0.85744
1,0.1,2,1,0.01,0,0,0,3.6049
1,0.1,2,1,0.01,0,0,0.5,1.9663
1,0.1,2,1,0.01,0,0,1,1.6963
1,0.1,2,1,0.01,0,0,5,1.5134
1,0.1,2,1,0.01,0,0,50,1.5114
1,0.1,2,1,0.01,0,0.5,0,1.9683
1,0.1,2,1,0.01,0,0.5,0.5,1.6768
1,0.1,2,1,0.01,0,0.5,1,1.5866
1,0.1,2,1,0.01,0,0.5,5,1.5124
1,0.1,2,1,0.01,0,0.5,50,1.5114
1,0.1,2,1,0.01,0,1,0,1.6967
1,0.1,2,1,0.01,0,1,0.5,1.5865
1,0.1,2,1,0.01,0,1,1,1.5474
1,0.1,2,1,0.01,0,1,5,1.5119
1,0.1,2,1,0.01,0,1,50,1.5114
1,0.1,2,1,0.01,0,5,0,1.5133
1,0.1,2,1,0.01,0,5,0.5,1.5124
1,0.1,2,1,0.01,0,5,1,1.5119
1,0.1,2,1,0.01,0,5,5,1.5114
1,0.1,2,1,0.01,0,5,50,1.5114
1,0.1,2,1,0.01,0,50,0,1.5114
1,0.1,2,1,0.01,0,50,0.5,1.5114
1,0.1,2,1,0.01,0,50,1,1.5114
1,0.1,2,1,0.01,0,50,5,1.5114
1,0.1,2,1,0.01,0,50,50,1.5114
1,0.3,2,1,0.01,0,0,0,3.1875
1,0.3,2,1,0.01,0,0,0.5,1.7043
1,0.3,2,1,0.01,0,0,1,1.4715
1,0.3,2,1,0.01,0,0,5,1.3171
1,0.3,2,1,0.01,0,0,50,1.3154
1,0.3,2,1,0.01,0,0.5,0,1.7316
1,0.3,2,1,0.01,0,0.5,0.5,1.4608
1,0.3,2,1,0.01,0,0.5,1,1.3809
1,0.3,2,1,0.01,0,0.5,5,1.3163
1,0.3,2,1,0.01,0,0.5,50,1.3154
1,0.3,2,1,0.01,0,1,0,1.4864
1,0.3,2,1,0.01,0,1,0.5,1.3825
1,0.3,2,1,0.01,0,1,1,1.3473
1,0.3,2,1,0.01,0,1,5,1.3159
1,0.3,2,1,0.01,0,1,50,1.3154
1,0.3,2,1,0.01,0,5,0,1.3171
1,0.3,2,1,0.01,0,5,0.5,1.3162
1,0.3,2,1,0.01,0,5,1,1.3158
1,0.3,2,1,0.01,0,5,5,1.3154
1,0.3,2,1,0.01,0,5,50,1.3154
1,0.3,2,1,0.01,0,50,0,1.3154
1,0.3,2,1,0.01,0,50,0.5,1.3154
1,0.3,2,1,0.01,0,50,1,1.3154
1,0.3,2,1,0.01,0,50,5,1.3154
1,0.3,2,1,0.01,0,50,50,1.3154
1,0.5,2,1,0.01,0,0,0,2.6912
1,0.5,2,1,0.01,0,0,0.5,1.4229
1,0.5,2,1,0.01,0,0,1,1.2265
1,0.5,2,1,0.01,0,0,5,1.0939
1,0.5,2,1,0.01,0,0,50,1.0922
1,0.5,2,1,0.01,0,0.5,0,1.4673
1,0.5,2,1,0.01,0,0.5,0.5,1.2227
1,0.5,2,1,0.01,0,0.5,1,1.1515
1,0.5,2,1,0.01,0,0.5,5,1.0931
1,0.5,2,1,0.01,0,0.5,50,1.0922
1,0.5,2,1,0.01,0,1,0,1.2544
1,0.5,2,1,0.01,0,1,0.5,1.1551
1,0.5,2,1,0.01,0,1,1,1.1222
1,0.5,2,1,0.01,0,1,5,1.0927
1,0.5,2,1,0.01,0,1,50,1.0922
1,0.5,2,1,0.01,0,5,0,1.0941
1,0.5,2,1,0.01,0,5,0.5,1.0931
1,0.5,2,1,0.01,0,5,1,1.0927
1,0.5,2,1,0.01,0,5,5,1.0922
1,0.5,2,1,0.01,0,5,50,1.0922
1,0.5,2,1,0.01,0,50,0,1.0922
1,0.5,2,1,0.01,0,50,0.5,1.0922
1,0.5,2,1,0.01,0,50,1,1.0922
1,0.5,2,1,0.01,0,50,5,1.0922
1,0.5,2,1,0.01,0,50,50,1.0922
1,0.7,2,1,0.01,0,0,0,2.3274
1,0.7,2,1,0.01,0,0,0.5,1.2303
1,0.7,2,1,0.01,0,0,1,1.0578
1,0.7,2,1,0.01,0,0,5,0.9359
1,0.7,2,1,0.01,0,0,50,0.9342
1,0.7,2,1,0.01,0,0.5,0,1.2803
1,0.7,2,1,0.01,0,0.5,0.5,1.0581
1,0.7,2,1,0.01,0,0.5,1,0.99181
1,0.7,2,1,0.01,0,0.5,5,0.93513
1,0.7,2,1,0.01,0,0.5,50,0.9342
1,0.7,2,1,0.01,0,1,0,1.0921
1,0.7,2,1,0.01,0,1,0.5,0.997
1,0.7,2,1,0.01,0,1,1,0.9647
1,0.7,2,1,0.01,0,1,5,0.93473
1,0.7,2,1,0.01,0,1,50,0.9342
1,0.7,2,1,0.01,0,5,0,0.9366
1,0.7,2,1,0.01,0,5,0.5,0.93533
1,0.7,2,1,0.01,0,5,1,0.93481
1,0.7,2,1,0.01,0,5,5,0.93421
1,0.7,2,1,0.01,0,5,50,0.9342
1,0.7,2,1,0.01,0,50,0,0.9342
1,0.7,2,1,0.01,0,50,0.5,0.9342
1,0.7,2,1,0.01,0,50,1,0.9342
1,0.7,2,1,0.01,0,50,5,0.9342
1,0.7,2,1,0.01,0,50,50,0.9342
1,0.9,2,1,0.01,0,0,0,2.1415
1,0.9,2,1,0.01,0,0,0.5,1.1371
1,0.9,2,1,0.01,0,0,1,0.97524
1,0.9,2,1,0.01,0,0,5,0.85637
1,0.9,2,1,0.01,0,0,50,0.85462
1,0.9,2,1,0.01,0,0.5,0,1.1857
1,0.9,2,1,0.01,0,0.5,0.5,0.97756
1,0.9,2,1,0.01,0,0.5,1,0.91297
1,0.9,2,1,0.01,0,0.5,5,0.8556
1,0.9,2,1,0.01,0,0.5,50,0.85462
1,0.9,2,1,0.01,0,1,0,1.0104
1,0.9,2,1,0.01,0,1,0.5,0.91902
1,0.9,2,1,0.01,0,1,1,0.88644
1,0.9,2,1,0.01,0,1,5,0.85519
1,0.9,2,1,0.01,0,1,50,0.85462
1,0.9,2,1,0.01,0,5,0,0.85759
1,0.9,2,1,0.01,0,5,0.5,0.85599
1,0.9,2,1,0.01,0,5,1,0.85534
1,0.9,2,1,0.01,0,5,5,0.85464
1,0.9,2,1,0.01,0,5,50,0.85462
1,0.9,2,1,0.01,0,50,0,0.85462
1,0.9,2,1,0.01,0,50,0.5,0.85462
1,0.9,2,1,0.01,0,50,1,0.85462
1,0.9,2,1,0.01,0,50,5,0.85462
1,0.9,2,1,0.01,0,50,50,0.85462
1,0.1,2,1,0.1,0,0,0,3.4985
1,0.1,2,1,0.1,0,0,0.5,1.9072
1,0.1,2,1,0.1,0,0,1,1.6442
1,0.1,2,1,0.1,0,0,5,1.4647
1,0.1,2,1,0.1,0,0,50,1.4627
1,0.1,2,1,0.1,0,0.5,0,1.9068
1,0.1,2,1,0.1,0,0.5,0.5,1.6242
1,0.1,2,1,0.1,0,0.5,1,1.5364
1,0.1,2,1,0.1,0,0.5,5,1.4637
1,0.1,2,1,0.1,0,0.5,50,1.4627
1,0.1,2,1,0.1,0,1,0,1.6427
1,0.1,2,1,0.1,0,1,0.5,1.5359
1,0.1,2,1,0.1,0,1,1,1.4978
1,0.1,2,1,0.1,0,1,5,1.4632
1,0.1,2,1,0.1,0,1,50,1.4627
1,0.1,2,1,0.1,0,5,0,1.4646
1,0.1,2,1,0.1,0,5,0.5,1.4636
1,0.1,2,1,0.1,0,5,1,1.4632
1,0.1,2,1,0.1,0,5,5,1.4627
1,0.1,2,1,0.1,0,5,50,1.4627
1,0.1,2,1,0.1,0,50,0,1.4627
1,0.1,2,1,0.1,0,50,0.5,1.4627
1,0.1,2,1,0.1,0,50,1,1.4627
1,0.1,2,1,0.1,0,50,5,1.4627
1,0.1,2,1,0.1,0,50,50,1.4627
1,0.3,2,1,0.1,0,0,0,3.0319
1,0.3,2,1,0.1,0,0,0.5,1.6219
1,0.3,2,1,0.1,0,0,1,1.3982
1,0.3,2,1,0.1,0,0,5,1.2483
1,0.3,2,1,0.1,0,0,50,1.2465
1,0.3,2,1,0.1,0,0.5,0,1.6447
1,0.3,2,1,0.1,0,0.5,0.5,1.3874
1,0.3,2,1,0.1,0,0.5,1,1.3104
1,0.3,2,1,0.1,0,0.5,5,1.2474
1,0.3,2,1,0.1,0,0.5,50,1.2465
1,0.3,2,1,0.1,0,1,0,1.4108
1,0.3,2,1,0.1,0,1,0.5,1.3117
1,0.3,2,1,0.1,0,1,1,1.2776
1,0.3,2,1,0.1,0,1,5,1.247
1,0.3,2,1,0.1,0,1,50,1.2465
1,0.3,2,1,0.1,0,5,0,1.2482
1,0.3,2,1,0.1,0,5,0.5,1.2474
1,0.3,2,1,0.1,0,5,1,1.247
1,0.3,2,1,0.1,0,5,5,1.2465
1,0.3,2,1,0.1,0,5,50,1.2465
1,0.3,2,1,0.1,0,50,0,1.2465
1,0.3,2,1,0.1,0,50,0.5,1.2465
1,0.3,2,1,0.1,0,50,1,1.2465
1,0.3,2,1,0.1,0,50,5,1.2465
1,0.3,2,1,0.1,0,50,50,1.2465
1,0.5,2,1,0.1,0,0,0,2.5451
1,0.5,2,1,0.1,0,0,0.5,1.35
1,0.5,2,1,0.1,0,0,1,1.1615
1,0.5,2,1,0.1,0,0,5,1.0317
1,0.5,2,1,0.1,0,0,50,1.03
1,0.5,2,1,0.1,0,0.5,0,1.3876
1,0.5,2,1,0.1,0,0.5,0.5,1.1574
1,0.5,2,1,0.1,0,0.5,1,1.0885
1,0.5,2,1,0.1,0,0.5,5,1.0309
1,0.5,2,1,0.1,0,0.5,50,1.03
1,0.5,2,1,0.1,0,1,0,1.1857
1,0.5,2,1,0.1,0,1,0.5,1.0918
1,0.5,2,1,0.1,0,1,1,1.0598
1,0.5,2,1,0.1,0,1,5,1.0305
1,0.5,2,1,0.1,0,1,50,1.03
1,0.5,2,1,0.1,0,5,0,1.0319
1,0.5,2,1,0.1,0,5,0.5,1.031
1,0.5,2,1,0.1,0,5,1,1.0305
1,0.5,2,1,0.1,0,5,5,1.03
1,0.5,2,1,0.1,0,5,50,1.03
1,0.5,2,1,0.1,0,50,0,1.03
1,0.5,2,1,0.1,0,50,0.5,1.03
1,0.5,2,1,0.1,0,50,1,1.03
1,0.5,2,1,0.1,0,50,5,1.03
1,0.5,2,1,0.1,0,50,50,1.03
1,0.7,2,1,0.1,0,0,0,2.2112
1,0.7,2,1,0.1,0,0,0.5,1.1741
1,0.7,2,1,0.1,0,0,1,1.0078
1,0.7,2,1,0.1,0,0,5,0.88758
1,0.7,2,1,0.1,0,0,50,0.88585
1,0.7,2,1,0.1,0,0.5,0,1.2169
1,0.7,2,1,0.1,0,0.5,0.5,1.0075
1,0.7,2,1,0.1,0,0.5,1,0.94315
1,0.7,2,1,0.1,0,0.5,5,0.88679
1,0.7,2,1,0.1,0,0.5,50,0.88585
1,0.7,2,1,0.1,0,1,0,1.0376
1,0.7,2,1,0.1,0,1,0.5,0.94793
1,0.7,2,1,0.1,0,1,1,0.91635
1,0.7,2,1,0.1,0,1,5,0.8864
1,0.7,2,1,0.1,0,1,50,0.88585
1,0.7,2,1,0.1,0,5,0,0.88824
1,0.7,2,1,0.1,0,5,0.5,0.88699
1,0.7,2,1,0.1,0,5,1,0.88647
1,0.7,2,1,0.1,0,5,5,0.88586
1,0.7,2,1,0.1,0,5,50,0.88585
1,0.7,2,1,0.1,0,50,0,0.88585
1,0.7,2,1,0.1,0,50,0.5,0.88585
1,0.7,2,1,0.1,0,50,1,0.88585
1,0.7,2,1,0.1,0,50,5,0.88585
1,0.7,2,1,0.1,0,50,50,0.88585
1,0.9,2,1,0.1,0,0,0,2.0554
1,0.9,2,1,0.1,0,0,0.5,1.0955
1,0.9,2,1,0.1,0,0,1,0.93857
1,0.9,2,1,0.1,0,0,5,0.82093
1,0.9,2,1,0.1,0,0,50,0.81916
1,0.9,2,1,0.1,0,0.5,0,1.1378
1,0.9,2,1,0.1,0,0.5,0.5,0.94007
1,0.9,2,1,0.1,0,0.5,1,0.87722
1,0.9,2,1,0.1,0,0.5,5,0.82014
1,0.9,2,1,0.1,0,0.5,50,0.81916
1,0.9,2,1,0.1,0,1,0,0.96924
1,0.9,2,1,0.1,0,1,0.5,0.88273
1,0.9,2,1,0.1,0,1,1,0.85093
1,0.9,2,1,0.1,0,1,5,0.81974
1,0.9,2,1,0.1,0,1,50,0.81916
1,0.9,2,1,0.1,0,5,0,0.82205
1,0.9,2,1,0.1,0,5,0.5,0.82052
1,0.9,2,1,0.1,0,5,1,0.81988
1,0.9,2,1,0.1,0,5,5,0.81917
1,0.9,2,1,0.1,0,5,50,0.81916
1,0.9,2,1,0.1,0,50,0,0.81916
1,0.9,2,1,0.1,0,50,0.5,0.81916
1,0.9,2,1,0.1,0,50,1,0.81916
1,0.9,2,1,0.1,0,50,5,0.81916
1,0.9,2,1,0.1,0,50,50,0.81916
1,0.1,1,1,0.001,1,0,0,10.644
1,0.1,1,1,0.001,1,0,0.5,5.7437
1,0.1,1,1,0.001,1,0,1,4.9907
1,0.1,1,1,0.001,1,0,5,4.4768
1,0.1,1,1,0.001,1,0,50,4.468
1,0.1,1,1,0.001,1,0.5,0,5.7532
1,0.1,1,1,0.001,1,0.5,0.5,4.9112
1,0.1,1,1,0.001,1,0.5,1,4.6635
1,0.1,1,1,0.001,1,0.5,5,4.4711
1,0.1,1,1,0.001,1,0.5,50,4.468
1,0.1,1,1,0.001,1,1,0,4.9956
1,0.1,1,1,0.001,1,1,0.5,4.6642
1,0.1,1,1,0.001,1,1,1,4.5555
1,0.1,1,1,0.001,1,1,5,4.4693
1,0.1,1,1,0.001,1,1,50,4.468
1,0.1,1,1,0.001,1,5,0,4.4769
1,0.1,1,1,0.001,1,5,0.5,4.4711
1,0.1,1,1,0.001,1,5,1,4.4693
1,0.1,1,1,0.001,1,5,5,4.468
1,0.1,1,1,0.001,1,5,50,4.468
1,0.1,1,1,0.001,1,50,0,4.468
1,0.1,1,1,0.001,1,50,0.5,4.468
1,0.1,1,1,0.001,1,50,1,4.468
1,0.1,1,1,0.001,1,50,5,4.468
1,0.1,1,1,0.001,1,50,50,4.468
1,0.3,1,1,0.001,1,0,0,10.249
1,0.3,1,1,0.001,1,0,0.5,5.447
1,0.3,1,1,0.001,1,0,1,4.7405
1,0.3,1,1,0.001,1,0,5,4.2718
1,0.3,1,1,0.001,1,0,50,4.264
1,0.3,1,1,0.001,1,0.5,0,5.5219
1,0.3,1,1,0.001,1,0.5,0.5,4.6817
1,0.3,1,1,0.001,1,0.5,1,4.4448
1,0.3,1,1,0.001,1,0.5,5,4.2667
1,0.3,1,1,0.001,1,0.5,50,4.264
1,0.3,1,1,0.001,1,1,0,4.7843
1,0.3,1,1,0.001,1,1,0.5,4.4509
1,0.3,1,1,0.001,1,1,1,4.3458
1,0.3,1,1,0.001,1,1,5,4.2651
1,0.3,1,1,0.001,1,1,50,4.264
1,0.3,1,1,0.001,1,5,0,4.2727
1,0.3,1,1,0.001,1,5,0.5,4.267
1,0.3,1,1,0.001,1,5,1,4.2652
1,0.3,1,1,0.001,1,5,5,4.264
1,0.3,1,1,0.001,1,5,50,4.264
1,0.3,1,1,0.001,1,50,0,4.264
1,0.3,1,1,0.001,1,50,0.5,4.264
1,0.3,1,1,0.001,1,50,1,4.264
1,0.3,1,1,0.001,1,50,5,4.264
1,0.3,1,1,0.001,1,50,50,4.264
1,0.5,1,1,0.001,1,0,0,9.7574
1,0.5,1,1,0.001,1,0,0.5,5.1156
1,0.5,1,1,0.001,1,0,1,4.4544
1,0.5,1,1,0.001,1,0,5,4.0286
1,0.5,1,1,0.001,1,0,50,4.0218
1,0.5,1,1,0.001,1,0.5,0,5.2555
1,0.5,1,1,0.001,1,0.5,0.5,4.4166
1,0.5,1,1,0.001,1,0.5,1,4.1886
1,0.5,1,1,0.001,1,0.5,5,4.0242
1,0.5,1,1,0.001,1,0.5,50,4.0218
1,0.5,1,1,0.001,1,1,0,4.5438
1,0.5,1,1,0.001,1,1,0.5,4.2017
1,0.5,1,1,0.001,1,1,1,4.0984
1,0.5,1,1,0.001,1,1,5,4.0228
1,0.5,1,1,0.001,1,1,50,4.0218
1,0.5,1,1,0.001,1,5,0,4.0309
1,0.5,1,1,0.001,1,5,0.5,4.0248
1,0.5,1,1,0.001,1,5,1,4.023
1,0.5,1,1,0.001,1,5,5,4.0218
1,0.5,1,1,0.001,1,5,50,4.0218
1,0.5,1,1,0.001,1,50,0,4.0218
1,0.5,1,1,0.001,1,50,0.5,4.0218
1,0.5,1,1,0.001,1,50,1,4.0218
1,0.5,1,1,0.001,1,50,5,4.0218
1,0.5,1,1,0.001,1,50,50,4.0218
1,0.7,1,1,0.001,1,0,0,9.4556
1,0.7,1,1,0.001,1,0,0.5,4.9332
1,0.7,1,1,0.001,1,0,1,4.2958
1,0.7,1,1,0.001,1,0,5,3.8909
1,0.7,1,1,0.001,1,0,50,3.8847
1,0.7,1,1,0.001,1,0.5,0,5.106
1,0.7,1,1,0.001,1,0.5,0.5,4.2699
1,0.7,1,1,0.001,1,0.5,1,4.045
1,0.7,1,1,0.001,1,0.5,5,3.8869
1,0.7,1,1,0.001,1,0.5,50,3.8847
1,0.7,1,1,0.001,1,1,0,4.4124
1,0.7,1,1,0.001,1,1,0.5,4.0629
1,0.7,1,1,0.001,1,1,1,3.9591
1,0.7,1,1,0.001,1,1,5,3.8856
1,0.7,1,1,0.001,1,1,50,3.8847
1,0.7,1,1,0.001,1,5,0,3.8946
1,0.7,1,1,0.001,1,5,0.5,3.8878
1,0.7,1,1,0.001,1,5,1,3.8859
1,0.7,1,1,0.001,1,5,5,3.8847
1,0.7,1,1,0.001,1,5,50,3.8847
1,0.7,1,1,0.001,1,50,0,3.8847
1,0.7,1,1,0.001,1,50,0.5,3.8847
1,0.7,1,1,0.001,1,50,1,3.8847
1,0.7,1,1,0.001,1,50,5,3.8847
1,0.7,1,1,0.001,1,50,50,3.8847
1,0.9,1,1,0.001,1,0,0,9.3868
1,0.9,1,1,0.001,1,0,0.5,4.8987
1,0.9,1,1,0.001,1,0,1,4.2663
1,0.9,1,1,0.001,1,0,5,3.8658
1,0.9,1,1,0.001,1,0,50,3.8598
1,0.9,1,1,0.001,1,0.5,0,5.0771
1,0.9,1,1,0.001,1,0.5,0.5,4.2432
1,0.9,1,1,0.001,1,0.5,1,4.0188
1,0.9,1,1,0.001,1,0.5,5,3.8619
1,0.9,1,1,0.001,1,0.5,50,3.8598
1,0.9,1,1,0.001,1,1,0,4.3887
1,0.9,1,1,0.001,1,1,0.5,4.038
1,0.9,1,1,0.001,1,1,1,3.9337
1,0.9,1,1,0.001,1,1,5,3.8606
1,0.9,1,1,0.001,1,1,50,3.8598
1,0.9,1,1,0.001,1,5,0,3.8701
1,0.9,1,1,0.001,1,5,0.5,3.863
1,0.9,1,1,0.001,1,5,1,3.861
1,0.9,1,1,0.001,1,5,5,3.8598
1,0.9,1,1,0.001,1,5,50,3.8598
1,0.9,1,1,0.001,1,50,0,3.8598
1,0.9,1,1,0.001,1,50,0.5,3.8598
1,0.9,1,1,0.001,1,50,1,3.8598
1,0.9,1,1,0.001,1,50,5,3.8598
1,0.9,1,1,0.001,1,50,50,3.8598
1,0.1,1,1,0.01,1,0,0,10.617
1,0.1,1,1,0.01,1,0,0.5,5.7247
1,0.1,1,1,0.01,1,0,1,4.9745
1,0.1,1,1,0.01,1,0,5,4.463
1,0.1,1,1,0.01,1,0,50,4.4543
1,0.1,1,1,0.01,1,0.5,0,5.7369
1,0.1,1,1,0.01,1,0.5,0.5,4.8959
1,0.1,1,1,0.01,1,0.5,1,4.649
1,0.1,1,1,0.01,1,0.5,5,4.4573
1,0.1,1,1,0.01,1,0.5,50,4.4543
1,0.1,1,1,0.01,1,1,0,4.9809
1,0.1,1,1,0.01,1,1,0.5,4.6498
1,0.1,1,1,0.01,1,1,1,4.5414
1,0.1,1,1,0.01,1,1,5,4.4555
1,0.1,1,1,0.01,1,1,50,4.4543
1,0.1,1,1,0.01,1,5,0,4.4631
1,0.1,1,1,0.01,1,5,0.5,4.4573
1,0.1,1,1,0.01,1,5,1,4.4555
1,0.1,1,1,0.01,1,5,5,4.4543
1,0.1,1,1,0.01,1,5,50,4.4543
1,0.1,1,1,0.01,1,50,0,4.4543
1,0.1,1,1,0.01,1,50,0.5,4.4543
1,0.1,1,1,0.01,1,50,1,4.4543
1,0.1,1,1,0.01,1,50,5,4.4543
1,0.1,1,1,0.01,1,50,50,4.4543
1,0.3,1,1,0.01,1,0,0,10.2
1,0.3,1,1,0.01,1,0,0.5,5.4142
1,0.3,1,1,0.01,1,0,1,4.7118
1,0.3,1,1,0.01,1,0,5,4.2471
1,0.3,1,1,0.01,1,0,50,4.2394
1,0.3,1,1,0.01,1,0.5,0,5.4937
1,0.3,1,1,0.01,1,0.5,0.5,4.6547
1,0.3,1,1,0.01,1,0.5,1,4.4189
1,0.3,1,1,0.01,1,0.5,5,4.2421
1,0.3,1,1,0.01,1,0.5,50,4.2394
1,0.3,1,1,0.01,1,1,0,4.7588
1,0.3,1,1,0.01,1,1,0.5,4.4254
1,0.3,1,1,0.01,1,1,1,4.3207
1,0.3,1,1,0.01,1,1,5,4.2405
1,0.3,1,1,0.01,1,1,50,4.2394
1,0.3,1,1,0.01,1,5,0,4.2481
1,0.3,1,1,0.01,1,5,0.5,4.2424
1,0.3,1,1,0.01,1,5,1,4.2406
1,0.3,1,1,0.01,1,5,5,4.2394
1,0.3,1,1,0.01,1,5,50,4.2394
1,0.3,1,1,0.01,1,50,0,4.2394
1,0.3,1,1,0.01,1,50,0.5,4.2394
1,0.3,1,1,0.01,1,50,1,4.2394
1,0.3,1,1,0.01,1,50,5,4.2394
1,0.3,1,1,0.01,1,50,50,4.2394
1,0.5,1,1,0.01,1,0,0,9.7098
1,0.5,1,1,0.01,1,0,0.5,5.087
1,0.5,1,1,0.01,1,0,1,4.4292
1,0.5,1,1,0.01,1,0,5,4.0061
1,0.5,1,1,0.01,1,0,50,3.9994
1,0.5,1,1,0.01,1,0.5,0,5.2296
1,0.5,1,1,0.01,1,0.5,0.5,4.3926
1,0.5,1,1,0.01,1,0.5,1,4.1653
1,0.5,1,1,0.01,1,0.5,5,4.0017
1,0.5,1,1,0.01,1,0.5,50,3.9994
1,0.5,1,1,0.01,1,1,0,4.5209
1,0.5,1,1,0.01,1,1,0.5,4.1788
1,0.5,1,1,0.01,1,1,1,4.0756
1,0.5,1,1,0.01,1,1,5,4.0004
1,0.5,1,1,0.01,1,1,50,3.9994
1,0.5,1,1,0.01,1,5,0,4.0085
1,0.5,1,1,0.01,1,5,0.5,4.0024
1,0.5,1,1,0.01,1,5,1,4.0006
1,0.5,1,1,0.01,1,5,5,3.9994
1,0.5,1,1,0.01,1,5,50,3.9994
1,0.5,1,1,0.01,1,50,0,3.9994
1,0.5,1,1,0.01,1,50,0.5,3.9994
1,0.5,1,1,0.01,1,50,1,3.9994
1,0.5,1,1,0.01,1,50,5,3.9994
1,0.5,1,1,0.01,1,50,50,3.9994
1,0.7,1,1,0.01,1,0,0,9.4231
1,0.7,1,1,0.01,1,0,0.5,4.9155
1,0.7,1,1,0.01,1,0,1,4.28
1,0.7,1,1,0.01,1,0,5,3.8765
1,0.7,1,1,0.01,1,0,50,3.8703
1,0.7,1,1,0.01,1,0.5,0,5.0887
1,0.7,1,1,0.01,1,0.5,0.5,4.2547
1,0.7,1,1,0.01,1,0.5,1,4.0302
1,0.7,1,1,0.01,1,0.5,5,3.8725
1,0.7,1,1,0.01,1,0.5,50,3.8703
1,0.7,1,1,0.01,1,1,0,4.3973
1,0.7,1,1,0.01,1,1,0.5,4.0484
1,0.7,1,1,0.01,1,1,1,3.9446
1,0.7,1,1,0.01,1,1,5,3.8712
1,0.7,1,1,0.01,1,1,50,3.8703
1,0.7,1,1,0.01,1,5,0,3.8803
1,0.7,1,1,0.01,1,5,0.5,3.8735
1,0.7,1,1,0.01,1,5,1,3.8715
1,0.7,1,1,0.01,1,5,5,3.8704
1,0.7,1,1,0.01,1,5,50,3.8703
1,0.7,1,1,0.01,1,50,0,3.8703
1,0.7,1,1,0.01,1,50,0.5,3.8703
1,0.7,1,1,0.01,1,50,1,3.8703
1,0.7,1,1,0.01,1,50,5,3.8703
1,0.7,1,1,0.01,1,50,50,3.8703
1,0.9,1,1,0.01,1,0,0,9.3643
1,0.9,1,1,0.01,1,0,0.5,4.8866
1,0.9,1,1,0.01,1,0,1,4.2554
1,0.9,1,1,0.01,1,0,5,3.8557
1,0.9,1,1,0.01,1,0,50,3.8497
1,0.9,1,1,0.01,1,0.5,0,5.0645
1,0.9,1,1,0.01,1,0.5,0.5,4.2326
1,0.9,1,1,0.01,1,0.5,1,4.0084
1,0.9,1,1,0.01,1,0.5,5,3.8517
1,0.9,1,1,0.01,1,0.5,50,3.8497
1,0.9,1,1,0.01,1,1,0,4.3777
1,0.9,1,1,0.01,1,1,0.5,4.0277
1,0.9,1,1,0.01,1,1,1,3.9235
1,0.9,1,1,0.01,1,1,5,3.8505
1,0.9,1,1,0.01,1,1,50,3.8497
1,0.9,1,1,0.01,1,5,0,3.86
1,0.9,1,1,0.01,1,5,0.5,3.8528
1,0.9,1,1,0.01,1,5,1,3.8508
1,0.9,1,1,0.01,1,5,5,3.8497
1,0.9,1,1,0.01,1,5,50,3.8497
1,0.9,1,1,0.01,1,50,0,3.8497
1,0.9,1,1,0.01,1,50,0.5,3.8497
1,0.9,1,1,0.01,1,50,1,3.8497
1,0.9,1,1,0.01,1,50,5,3.8497
1,0.9,1,1,0.01,1,50,50,3.8497
1,0.1,1,1,0.1,1,0,0,9.6428
1,0.1,1,1,0.1,1,0,0.5,5.1828
1,0.1,1,1,0.1,1,0,1,4.4917
1,0.1,1,1,0.1,1,0,5,4.014
1,0.1,1,1,0.1,1,0,50,4.0058
1,0.1,1,1,0.1,1,0.5,0,5.1979
1,0.1,1,1,0.1,1,0.5,0.5,4.4187
1,0.1,1,1,0.1,1,0.5,1,4.1888
1,0.1,1,1,0.1,1,0.5,5,4.0087
1,0.1,1,1,0.1,1,0.5,50,4.0058
1,0.1,1,1,0.1,1,1,0,4.5002
1,0.1,1,1,0.1,1,1,0.5,4.1899
1,0.1,1,1,0.1,1,1,1,4.0882
1,0.1,1,1,0.1,1,1,5,4.007
1,0.1,1,1,0.1,1,1,50,4.0058
1,0.1,1,1,0.1,1,5,0,4.0141
1,0.1,1,1,0.1,1,5,0.5,4.0087
1,0.1,1,1,0.1,1,5,1,4.007
1,0.1,1,1,0.1,1,5,5,4.0058
1,0.1,1,1,0.1,1,5,50,4.0058
1,0.1,1,1,0.1,1,50,0,4.0058
1,0.1,1,1,0.1,1,50,0.5,4.0058
1,0.1,1,1,0.1,1,50,1,4.0058
1,0.1,1,1,0.1,1,50,5,4.0058
1,0.1,1,1,0.1,1,50,50,4.0058
1,0.3,1,1,0.1,1,0,0,9.2119
1,0.3,1,1,0.1,1,0,0.5,4.8717
1,0.3,1,1,0.1,1,0,1,4.2286
1,0.3,1,1,0.1,1,0,5,3.7993
1,0.3,1,1,0.1,1,0,50,3.7922
1,0.3,1,1,0.1,1,0.5,0,4.9514
1,0.3,1,1,0.1,1,0.5,0.5,4.1777
1,0.3,1,1,0.1,1,0.5,1,3.9592
1,0.3,1,1,0.1,1,0.5,5,3.7947
1,0.3,1,1,0.1,1,0.5,50,3.7922
1,0.3,1,1,0.1,1,1,0,4.2774
1,0.3,1,1,0.1,1,1,0.5,3.9662
1,0.3,1,1,0.1,1,1,1,3.8683
1,0.3,1,1,0.1,1,1,5,3.7933
1,0.3,1,1,0.1,1,1,50,3.7922
1,0.3,1,1,0.1,1,5,0,3.8004
1,0.3,1,1,0.1,1,5,0.5,3.7951
1,0.3,1,1,0.1,1,5,1,3.7934
1,0.3,1,1,0.1,1,5,5,3.7922
1,0.3,1,1,0.1,1,5,50,3.7922
1,0.3,1,1,0.1,1,50,0,3.7922
1,0.3,1,1,0.1,1,50,0.5,3.7922
1,0.3,1,1,0.1,1,50,1,3.7922
1,0.3,1,1,0.1,1,50,5,3.7922
1,0.3,1,1,0.1,1,50,50,3.7922
1,0.5,1,1,0.1,1,0,0,8.7779
1,0.5,1,1,0.1,1,0,0.5,4.5877
1,0.5,1,1,0.1,1,0,1,3.985
1,0.5,1,1,0.1,1,0,5,3.5928
1,0.5,1,1,0.1,1,0,50,3.5866
1,0.5,1,1,0.1,1,0.5,0,4.7226
1,0.5,1,1,0.1,1,0.5,0.5,3.9523
1,0.5,1,1,0.1,1,0.5,1,3.7415
1,0.5,1,1,0.1,1,0.5,5,3.5888
1,0.5,1,1,0.1,1,0.5,50,3.5866
1,0.5,1,1,0.1,1,1,0,4.0729
1,0.5,1,1,0.1,1,1,0.5,3.7549
1,0.5,1,1,0.1,1,1,1,3.6584
1,0.5,1,1,0.1,1,1,5,3.5876
1,0.5,1,1,0.1,1,1,50,3.5866
1,0.5,1,1,0.1,1,5,0,3.5952
1,0.5,1,1,0.1,1,5,0.5,3.5895
1,0.5,1,1,0.1,1,5,1,3.5878
1,0.5,1,1,0.1,1,5,5,3.5866
1,0.5,1,1,0.1,1,5,50,3.5866
1,0.5,1,1,0.1,1,50,0,3.5866
1,0.5,1,1,0.1,1,50,0.5,3.5866
1,0.5,1,1,0.1,1,50,1,3.5866
1,0.5,1,1,0.1,1,50,5,3.5866
1,0.5,1,1,0.1,1,50,50,3.5866
1,0.7,1,1,0.1,1,0,0,8.5455
1,0.7,1,1,0.1,1,0,0.5,4.4494
1,0.7,1,1,0.1,1,0,1,3.8665
1,0.7,1,1,0.1,1,0,5,3.4909
1,0.7,1,1,0.1,1,0,50,3.4852
1,0.7,1,1,0.1,1,0.5,0,4.612
1,0.7,1,1,0.1,1,0.5,0.5,3.8433
1,0.7,1,1,0.1,1,0.5,1,3.6352
1,0.7,1,1,0.1,1,0.5,5,3.4873
1,0.7,1,1,0.1,1,0.5,50,3.4852
1,0.7,1,1,0.1,1,1,0,3.9765
1,0.7,1,1,0.1,1,1,0.5,3.6525
1,0.7,1,1,0.1,1,1,1,3.5555
1,0.7,1,1,0.1,1,1,5,3.4861
1,0.7,1,1,0.1,1,1,50,3.4852
1,0.7,1,1,0.1,1,5,0,3.4945
1,0.7,1,1,0.1,1,5,0.5,3.4882
1,0.7,1,1,0.1,1,5,1,3.4864
1,0.7,1,1,0.1,1,5,5,3.4853
1,0.7,1,1,0.1,1,5,50,3.4852
1,0.7,1,1,0.1,1,50,0,3.4852
1,0.7,1,1,0.1,1,50,0.5,3.4852
1,0.7,1,1,0.1,1,50,1,3.4852
1,0.7,1,1,0.1,1,50,5,3.4852
1,0.7,1,1,0.1,1,50,50,3.4852
1,0.9,1,1,0.1,1,0,0,8.5004
1,0.9,1,1,0.1,1,0,0.5,4.4267
1,0.9,1,1,0.1,1,0,1,3.8479
1,0.9,1,1,0.1,1,0,5,3.4756
1,0.9,1,1,0.1,1,0,50,3.47
1,0.9,1,1,0.1,1,0.5,0,4.5945
1,0.9,1,1,0.1,1,0.5,0.5,3.8267
1,0.9,1,1,0.1,1,0.5,1,3.6191
1,0.9,1,1,0.1,1,0.5,5,3.472
1,0.9,1,1,0.1,1,0.5,50,3.47
1,0.9,1,1,0.1,1,1,0,3.9625
1,0.9,1,1,0.1,1,1,0.5,3.6373
1,0.9,1,1,0.1,1,1,1,3.54
1,0.9,1,1,0.1,1,1,5,3.4708
1,0.9,1,1,0.1,1,1,50,3.47
1,0.9,1,1,0.1,1,5,0,3.4796
1,0.9,1,1,0.1,1,5,0.5,3.4731
1,0.9,1,1,0.1,1,5,1,3.4712
1,0.9,1,1,0.1,1,5,5,3.47
1,0.9,1,1,0.1,1,5,50,3.47
1,0.9,1,1,0.1,1,50,0,3.47
1,0.9,1,1,0.1,1,50,0.5,3.47
1,0.9,1,1,0.1,1,50,1,3.47
1,0.9,1,1,0.1,1,50,5,3.47
1,0.9,1,1,0.1,1,50,50,3.47
1,0.1,2,1,0.001,1,0,0,7.1929
1,0.1,2,1,0.001,1,0,0.5,3.9257
1,0.1,2,1,0.001,1,0,1,3.4217
1,0.1,2,1,0.001,1,0,5,3.0272
1,0.1,2,1,0.001,1,0,50,3.0171
1,0.1,2,1,0.001,1,0.5,0,3.8036
1,0.1,2,1,0.001,1,0.5,0.5,3.3069
1,0.1,2,1,0.001,1,0.5,1,3.1566
1,0.1,2,1,0.001,1,0.5,5,3.0205
1,0.1,2,1,0.001,1,0.5,50,3.0171
1,0.1,2,1,0.001,1,1,0,3.3036
1,0.1,2,1,0.001,1,1,0.5,3.1321
1,0.1,2,1,0.001,1,1,1,3.0735
1,0.1,2,1,0.001,1,1,5,3.0184
1,0.1,2,1,0.001,1,1,50,3.0171
1,0.1,2,1,0.001,1,5,0,3.019
1,0.1,2,1,0.001,1,5,0.5,3.0178
1,0.1,2,1,0.001,1,5,1,3.0174
1,0.1,2,1,0.001,1,5,5,3.0171
1,0.1,2,1,0.001,1,5,50,3.0171
1,0.1,2,1,0.001,1,50,0,3.0171
1,0.1,2,1,0.001,1,50,0.5,3.0171
1,0.1,2,1,0.001,1,50,1,3.0171
1,0.1,2,1,0.001,1,50,5,3.0171
1,0.1,2,1,0.001,1,50,50,3.0171
1,0.3,2,1,0.001,1,0,0,6.4228
1,0.3,2,1,0.001,1,0,0.5,3.4513
1,0.3,2,1,0.001,1,0,1,3.0129
1,0.3,2,1,0.001,1,0,5,2.6696
1,0.3,2,1,0.001,1,0,50,2.6608
1,0.3,2,1,0.001,1,0.5,0,3.3611
1,0.3,2,1,0.001,1,0.5,0.5,2.9101
1,0.3,2,1,0.001,1,0.5,1,2.7801
1,0.3,2,1,0.001,1,0.5,5,2.6637
1,0.3,2,1,0.001,1,0.5,50,2.6608
1,0.3,2,1,0.001,1,1,0,2.913
1,0.3,2,1,0.001,1,1,0.5,2.7582
1,0.3,2,1,0.001,1,1,1,2.7082
1,0.3,2,1,0.001,1,1,5,2.6619
1,0.3,2,1,0.001,1,1,50,2.6608
1,0.3,2,1,0.001,1,5,0,2.6622
1,0.3,2,1,0.001,1,5,0.5,2.6613
1,0.3,2,1,0.001,1,5,1,2.661
1,0.3,2,1,0.001,1,5,5,2.6608
1,0.3,2,1,0.001,1,5,50,2.6608
1,0.3,2,1,0.001,1,50,0,2.6608
1,0.3,2,1,0.001,1,50,0.5,2.6608
1,0.3,2,1,0.001,1,50,1,2.6608
1,0.3,2,1,0.001,1,50,5,2.6608
1,0.3,2,1,0.001,1,50,50,2.6608
1,0.5,2,1,0.001,1,0,0,5.6952
1,0.5,2,1,0.001,1,0,0.5,3.0565
1,0.5,2,1,0.001,1,0,1,2.6678
1,0.5,2,1,0.001,1,0,5,2.3532
1,0.5,2,1,0.001,1,0,50,2.3452
1,0.5,2,1,0.001,1,0.5,0,2.9924
1,0.5,2,1,0.001,1,0.5,0.5,2.576
1,0.5,2,1,0.001,1,0.5,1,2.4562
1,0.5,2,1,0.001,1,0.5,5,2.3478
1,0.5,2,1,0.001,1,0.5,50,2.3452
1,0.5,2,1,0.001,1,1,0,2.587
1,0.5,2,1,0.001,1,1,0.5,2.4376
1,0.5,2,1,0.001,1,1,1,2.39
1,0.5,2,1,0.001,1,1,5,2.3462
1,0.5,2,1,0.001,1,1,50,2.3452
1,0.5,2,1,0.001,1,5,0,2.3467
1,0.5,2,1,0.001,1,5,0.5,2.3457
1,0.5,2,1,0.001,1,5,1,2.3454
1,0.5,2,1,0.001,1,5,5,2.3452
1,0.5,2,1,0.001,1,5,50,2.3452
1,0.5,2,1,0.001,1,50,0,2.3452
1,0.5,2,1,0.001,1,50,0.5,2.3452
1,0.5,2,1,0.001,1,50,1,2.3452
1,0.5,2,1,0.001,1,50,5,2.3452
1,0.5,2,1,0.001,1,50,50,2.3452
1,0.7,2,1,0.001,1,0,0,5.3091
1,0.7,2,1,0.001,1,0,0.5,2.8636
1,0.7,2,1,0.001,1,0,1,2.4989
1,0.7,2,1,0.001,1,0,5,2.1949
1,0.7,2,1,0.001,1,0,50,2.1871
1,0.7,2,1,0.001,1,0.5,0,2.8147
1,0.7,2,1,0.001,1,0.5,0.5,2.4149
1,0.7,2,1,0.001,1,0.5,1,2.2978
1,0.7,2,1,0.001,1,0.5,5,2.1897
1,0.7,2,1,0.001,1,0.5,50,2.1871
1,0.7,2,1,0.001,1,1,0,2.4304
1,0.7,2,1,0.001,1,1,0.5,2.2815
1,0.7,2,1,0.001,1,1,1,2.2331
1,0.7,2,1,0.001,1,1,5,2.1882
1,0.7,2,1,0.001,1,1,50,2.1871
1,0.7,2,1,0.001,1,5,0,2.1892
1,0.7,2,1,0.001,1,5,0.5,2.1879
1,0.7,2,1,0.001,1,5,1,2.1875
1,0.7,2,1,0.001,1,5,5,2.1871
1,0.7,2,1,0.001,1,5,50,2.1871
1,0.7,2,1,0.001,1,50,0,2.1871
1,0.7,2,1,0.001,1,50,0.5,2.1871
1,0.7,2,1,0.001,1,50,1,2.1871
1,0.7,2,1,0.001,1,50,5,2.1871
1,0.7,2,1,0.001,1,50,50,2.1871
1,0.9,2,1,0.001,1,0,0,5.1961
1,0.9,2,1,0.001,1,0,0.5,2.8121
1,0.9,2,1,0.001,1,0,1,2.4541
1,0.9,2,1,0.001,1,0,5,2.1526
1,0.9,2,1,0.001,1,0,50,2.145
1,0.9,2,1,0.001,1,0.5,0,2.7676
1,0.9,2,1,0.001,1,0.5,0.5,2.3732
1,0.9,2,1,0.001,1,0.5,1,2.2562
1,0.9,2,1,0.001,1,0.5,5,2.1475
1,0.9,2,1,0.001,1,0.5,50,2.145
1,0.9,2,1,0.001,1,1,0,2.3897
1,0.9,2,1,0.001,1,1,0.5,2.241
1,0.9,2,1,0.001,1,1,1,2.1918
1,0.9,2,1,0.001,1,1,5,2.146
1,0.9,2,1,0.001,1,1,50,2.145
1,0.9,2,1,0.001,1,5,0,2.1475
1,0.9,2,1,0.001,1,5,0.5,2.1458
1,0.9,2,1,0.001,1,5,1,2.1453
1,0.9,2,1,0.001,1,5,5,2.145
1,0.9,2,1,0.001,1,5,50,2.145
1,0.9,2,1,0.001,1,50,0,2.145
1,0.9,2,1,0.001,1,50,0.5,2.145
1,0.9,2,1,0.001,1,50,1,2.145
1,0.9,2,1,0.001,1,50,5,2.145
1,0.9,2,1,0.001,1,50,50,2.145
1,0.1,2,1,0.01,1,0,0,7.1615
1,0.1,2,1,0.01,1,0,0.5,3.9057
1,0.1,2,1,0.01,1,0,1,3.4047
1,0.1,2,1,0.01,1,0,5,3.0123
1,0.1,2,1,0.01,1,0,50,3.0022
1,0.1,2,1,0.01,1,0.5,0,3.7844
1,0.1,2,1,0.01,1,0.5,0.5,3.2902
1,0.1,2,1,0.01,1,0.5,1,3.1409
1,0.1,2,1,0.01,1,0.5,5,3.0056
1,0.1,2,1,0.01,1,0.5,50,3.0022
1,0.1,2,1,0.01,1,1,0,3.2868
1,0.1,2,1,0.01,1,1,0.5,3.1164
1,0.1,2,1,0.01,1,1,1,3.0582
1,0.1,2,1,0.01,1,1,5,3.0036
1,0.1,2,1,0.01,1,1,50,3.0022
1,0.1,2,1,0.01,1,5,0,3.0042
1,0.1,2,1,0.01,1,5,0.5,3.003
1,0.1,2,1,0.01,1,5,1,3.0026
1,0.1,2,1,0.01,1,5,5,3.0022
1,0.1,2,1,0.01,1,5,50,3.0022
1,0.1,2,1,0.01,1,50,0,3.0022
1,0.1,2,1,0.01,1,50,0.5,3.0022
1,0.1,2,1,0.01,1,50,1,3.0022
1,0.1,2,1,0.01,1,50,5,3.0022
1,0.1,2,1,0.01,1,50,50,3.0022
1,0.3,2,1,0.01,1,0,0,6.3806
1,0.3,2,1,0.01,1,0,0.5,3.4269
1,0.3,2,1,0.01,1,0,1,2.9915
1,0.3,2,1,0.01,1,0,5,2.6502
1,0.3,2,1,0.01,1,0,50,2.6414
1,0.3,2,1,0.01,1,0.5,0,3.3378
1,0.3,2,1,0.01,1,0.5,0.5,2.8891
1,0.3,2,1,0.01,1,0.5,1,2.76
1,0.3,2,1,0.01,1,0.5,5,2.6443
1,0.3,2,1,0.01,1,0.5,50,2.6414
1,0.3,2,1,0.01,1,1,0,2.8923
1,0.3,2,1,0.01,1,1,0.5,2.7382
1,0.3,2,1,0.01,1,1,1,2.6885
1,0.3,2,1,0.01,1,1,5,2.6425
1,0.3,2,1,0.01,1,1,50,2.6414
1,0.3,2,1,0.01,1,5,0,2.6428
1,0.3,2,1,0.01,1,5,0.5,2.642
1,0.3,2,1,0.01,1,5,1,2.6417
1,0.3,2,1,0.01,1,5,5,2.6414
1,0.3,2,1,0.01,1,5,50,2.6414
1,0.3,2,1,0.01,1,50,0,2.6414
1,0.3,2,1,0.01,1,50,0.5,2.6414
1,0.3,2,1,0.01,1,50,1,2.6414
1,0.3,2,1,0.01,1,50,5,2.6414
1,0.3,2,1,0.01,1,50,50,2.6414
1,0.5,2,1,0.01,1,0,0,5.6657
1,0.5,2,1,0.01,1,0,0.5,3.0411
1,0.5,2,1,0.01,1,0,1,2.6542
1,0.5,2,1,0.01,1,0,5,2.3405
1,0.5,2,1,0.01,1,0,50,2.3324
1,0.5,2,1,0.01,1,0.5,0,2.9773
1,0.5,2,1,0.01,1,0.5,0.5,2.5627
1,0.5,2,1,0.01,1,0.5,1,2.4433
1,0.5,2,1,0.01,1,0.5,5,2.3351
1,0.5,2,1,0.01,1,0.5,50,2.3324
1,0.5,2,1,0.01,1,1,0,2.5737
1,0.5,2,1,0.01,1,1,0.5,2.4247
1,0.5,2,1,0.01,1,1,1,2.3772
1,0.5,2,1,0.01,1,1,5,2.3334
1,0.5,2,1,0.01,1,1,50,2.3324
1,0.5,2,1,0.01,1,5,0,2.334
1,0.5,2,1,0.01,1,5,0.5,2.333
1,0.5,2,1,0.01,1,5,1,2.3327
1,0.5,2,1,0.01,1,5,5,2.3324
1,0.5,2,1,0.01,1,5,50,2.3324
1,0.5,2,1,0.01,1,50,0,2.3324
1,0.5,2,1,0.01,1,50,0.5,2.3324
1,0.5,2,1,0.01,1,50,1,2.3324
1,0.5,2,1,0.01,1,50,5,2.3324
1,0.5,2,1,0.01,1,50,50,2.3324
1,0.7,2,1,0.01,1,0,0,5.2928
1,0.7,2,1,0.01,1,0,0.5,2.8556
1,0.7,2,1,0.01,1,0,1,2.4919
1,0.7,2,1,0.01,1,0,5,2.1882
1,0.7,2,1,0.01,1,0,50,2.1804
1,0.7,2,1,0.01,1,0.5,0,2.8066
1,0.7,2,1,0.01,1,0.5,0.5,2.408
1,0.7,2,1,0.01,1,0.5,1,2.2911
1,0.7,2,1,0.01,1,0.5,5,2.183
1,0.7,2,1,0.01,1,0.5,50,2.1804
1,0.7,2,1,0.01,1,1,0,2.4233
1,0.7,2,1,0.01,1,1,0.5,2.2748
1,0.7,2,1,0.01,1,1,1,2.2264
1,0.7,2,1,0.01,1,1,5,2.1814
1,0.7,2,1,0.01,1,1,50,2.1804
1,0.7,2,1,0.01,1,5,0,2.1825
1,0.7,2,1,0.01,1,5,0.5,2.1812
1,0.7,2,1,0.01,1,5,1,2.1807
1,0.7,2,1,0.01,1,5,5,2.1804
1,0.7,2,1,0.01,1,5,50,2.1804
1,0.7,2,1,0.01,1,50,0,2.1804
1,0.7,2,1,0.01,1,50,0.5,2.1804
1,0.7,2,1,0.01,1,50,1,2.1804
1,0.7,2,1,0.01,1,50,5,2.1804
1,0.7,2,1,0.01,1,50,50,2.1804
1,0.9,2,1,0.01,1,0,0,5.1878
1,0.9,2,1,0.01,1,0,0.5,2.8083
1,0.9,2,1,0.01,1,0,1,2.4507
1,0.9,2,1,0.01,1,0,5,2.1493
1,0.9,2,1,0.01,1,0,50,2.1416
1,0.9,2,1,0.01,1,0.5,0,2.7632
1,0.9,2,1,0.01,1,0.5,0.5,2.3697
1,0.9,2,1,0.01,1,0.5,1,2.2528
1,0.9,2,1,0.01,1,0.5,5,2.1442
1,0.9,2,1,0.01,1,0.5,50,2.1416
1,0.9,2,1,0.01,1,1,0,2.3859
1,0.9,2,1,0.01,1,1,0.5,2.2376
1,0.9,2,1,0.01,1,1,1,2.1884
1,0.9,2,1,0.01,1,1,5,2.1426
1,0.9,2,1,0.01,1,1,50,2.1416
1,0.9,2,1,0.01,1,5,0,2.1442
1,0.9,2,1,0.01,1,5,0.5,2.1425
1,0.9,2,1,0.01,1,5,1,2.142
1,0.9,2,1,0.01,1,5,5,2.1416
1,0.9,2,1,0.01,1,5,50,2.1416
1,0.9,2,1,0.01,1,50,0,2.1416
1,0.9,2,1,0.01,1,50,0.5,2.1416
1,0.9,2,1,0.01,1,50,1,2.1416
1,0.9,2,1,0.01,1,50,5,2.1416
1,0.9,2,1,0.01,1,50,50,2.1416
1,0.1,2,1,0.1,1,0,0,6.633
1,0.1,2,1,0.1,1,0,0.5,3.618
1,0.1,2,1,0.1,1,0,1,3.145
1,0.1,2,1,0.1,1,0,5,2.7686
1,0.1,2,1,0.1,1,0,50,2.7592
1,0.1,2,1,0.1,1,0.5,0,3.4852
1,0.1,2,1,0.1,1,0.5,0.5,3.0316
1,0.1,2,1,0.1,1,0.5,1,2.8915
1,0.1,2,1,0.1,1,0.5,5,2.7624
1,0.1,2,1,0.1,1,0.5,50,2.7592
1,0.1,2,1,0.1,1,1,0,3.0229
1,0.1,2,1,0.1,1,1,0.5,2.8668
1,0.1,2,1,0.1,1,1,1,2.8125
1,0.1,2,1,0.1,1,1,5,2.7604
1,0.1,2,1,0.1,1,1,50,2.7592
1,0.1,2,1,0.1,1,5,0,2.761
1,0.1,2,1,0.1,1,5,0.5,2.7599
1,0.1,2,1,0.1,1,5,1,2.7595
1,0.1,2,1,0.1,1,5,5,2.7592
1,0.1,2,1,0.1,1,5,50,2.7592
1,0.1,2,1,0.1,1,50,0,2.7592
1,0.1,2,1,0.1,1,50,0.5,2.7592
1,0.1,2,1,0.1,1,50,1,2.7592
1,0.1,2,1,0.1,1,50,5,2.7592
1,0.1,2,1,0.1,1,50,50,2.7592
1,0.3,2,1,0.1,1,0,0,5.8848
1,0.3,2,1,0.1,1,0,0.5,3.169
1,0.3,2,1,0.1,1,0,1,2.7584
1,0.3,2,1,0.1,1,0,5,2.4308
1,0.3,2,1,0.1,1,0,50,2.4227
1,0.3,2,1,0.1,1,0.5,0,3.0659
1,0.3,2,1,0.1,1,0.5,0.5,2.6574
1,0.3,2,1,0.1,1,0.5,1,2.536
1,0.3,2,1,0.1,1,0.5,5,2.4253
1,0.3,2,1,0.1,1,0.5,50,2.4227
1,0.3,2,1,0.1,1,1,0,2.6545
1,0.3,2,1,0.1,1,1,0.5,2.5142
1,0.3,2,1,0.1,1,1,1,2.4676
1,0.3,2,1,0.1,1,1,5,2.4237
1,0.3,2,1,0.1,1,1,50,2.4227
1,0.3,2,1,0.1,1,5,0,2.424
1,0.3,2,1,0.1,1,5,0.5,2.4232
1,0.3,2,1,0.1,1,5,1,2.4229
1,0.3,2,1,0.1,1,5,5,2.4227
1,0.3,2,1,0.1,1,5,50,2.4227
1,0.3,2,1,0.1,1,50,0,2.4227
1,0.3,2,1,0.1,1,50,0.5,2.4227
1,0.3,2,1,0.1,1,50,1,2.4227
1,0.3,2,1,0.1,1,50,5,2.4227
1,0.3,2,1,0.1,1,50,50,2.4227
1,0.5,2,1,0.1,1,0,0,5.2834
1,0.5,2,1,0.1,1,0,0.5,2.8476
1,0.5,2,1,0.1,1,0,1,2.4795
1,0.5,2,1,0.1,1,0,5,2.1759
1,0.5,2,1,0.1,1,0,50,2.1683
1,0.5,2,1,0.1,1,0.5,0,2.7699
1,0.5,2,1,0.1,1,0.5,0.5,2.3889
1,0.5,2,1,0.1,1,0.5,1,2.2756
1,0.5,2,1,0.1,1,0.5,5,2.1708
1,0.5,2,1,0.1,1,0.5,50,2.1683
1,0.5,2,1,0.1,1,1,0,2.3933
1,0.5,2,1,0.1,1,1,0.5,2.2569
1,0.5,2,1,0.1,1,1,1,2.2117
1,0.5,2,1,0.1,1,1,5,2.1693
1,0.5,2,1,0.1,1,1,50,2.1683
1,0.5,2,1,0.1,1,5,0,2.1698
1,0.5,2,1,0.1,1,5,0.5,2.1689
1,0.5,2,1,0.1,1,5,1,2.1685
1,0.5,2,1,0.1,1,5,5,2.1683
1,0.5,2,1,0.1,1,5,50,2.1683
1,0.5,2,1,0.1,1,50,0,2.1683
1,0.5,2,1,0.1,1,50,0.5,2.1683
1,0.5,2,1,0.1,1,50,1,2.1683
1,0.5,2,1,0.1,1,50,5,2.1683
1,0.5,2,1,0.1,1,50,50,2.1683
1,0.7,2,1,0.1,1,0,0,4.9896
1,0.7,2,1,0.1,1,0,0.5,2.7011
1,0.7,2,1,0.1,1,0,1,2.3527
1,0.7,2,1,0.1,1,0,5,2.058
1,0.7,2,1,0.1,1,0,50,2.0506
1,0.7,2,1,0.1,1,0.5,0,2.6397
1,0.7,2,1,0.1,1,0.5,0.5,2.2695
1,0.7,2,1,0.1,1,0.5,1,2.158
1,0.7,2,1,0.1,1,0.5,5,2.0531
1,0.7,2,1,0.1,1,0.5,50,2.0506
1,0.7,2,1,0.1,1,1,0,2.2784
1,0.7,2,1,0.1,1,1,0.5,2.1414
1,0.7,2,1,0.1,1,1,1,2.0953
1,0.7,2,1,0.1,1,1,5,2.0516
1,0.7,2,1,0.1,1,1,50,2.0506
1,0.7,2,1,0.1,1,5,0,2.0526
1,0.7,2,1,0.1,1,5,0.5,2.0514
1,0.7,2,1,0.1,1,5,1,2.0509
1,0.7,2,1,0.1,1,5,5,2.0506
1,0.7,2,1,0.1,1,5,50,2.0506
1,0.7,2,1,0.1,1,50,0,2.0506
1,0.7,2,1,0.1,1,50,0.5,2.0506
1,0.7,2,1,0.1,1,50,1,2.0506
1,0.7,2,1,0.1,1,50,5,2.0506
1,0.7,2,1,0.1,1,50,50,2.0506
1,0.9,2,1,0.1,1,0,0,4.9146
1,0.9,2,1,0.1,1,0,0.5,2.6669
1,0.9,2,1,0.1,1,0,1,2.3235
1,0.9,2,1,0.1,1,0,5,2.031
1,0.9,2,1,0.1,1,0,50,2.0236
1,0.9,2,1,0.1,1,0.5,0,2.6103
1,0.9,2,1,0.1,1,0.5,0.5,2.2428
1,0.9,2,1,0.1,1,0.5,1,2.1314
1,0.9,2,1,0.1,1,0.5,5,2.0261
1,0.9,2,1,0.1,1,0.5,50,2.0236
1,0.9,2,1,0.1,1,1,0,2.253
1,0.9,2,1,0.1,1,1,0.5,2.1157
1,0.9,2,1,0.1,1,1,1,2.069
1,0.9,2,1,0.1,1,1,5,2.0246
1,0.9,2,1,0.1,1,1,50,2.0236
1,0.9,2,1,0.1,1,5,0,2.026
1,0.9,2,1,0.1,1,5,0.5,2.0245
1,0.9,2,1,0.1,1,5,1,2.024
1,0.9,2,1,0.1,1,5,5,2.0236
1,0.9,2,1,0.1,1,5,50,2.0236
1,0.9,2,1,0.1,1,50,0,2.0236
1,0.9,2,1,0.1,1,50,0.5,2.0236
1,0.9,2,1,0.1,1,50,1,2.0236
1,0.9,2,1,0.1,1,50,5,2.0236
1,0.9,2,1,0.1,1,50,50,2.0236
